{"type": "FeatureCollection", "features": [{"type": "Feature", "properties": {"code": "E02000345", "name": "Stamford Hill North"}, "geometry": {"type": "Polygon", "coordinates": [[[-0.0600736959747167, 51.5756353505387], [-0.0592797226778599, 51.5743490609722], [-0.0585622283629439, 51.5731751536219], [-0.0616184621345542, 51.5717653005895], [-0.0639561735678548, 51.5734061826782], [-0.0655949473629426, 51.5721796023381], [-0.0662039716467737, 51.572515277332], [-0.0655132639079394, 51.5728394206507], [-0.0657877241804426, 51.57304819838], [-0.0640251414983833, 51.5743142561868], [-0.0643348682884598, 51.5745473331391], [-0.0648309710621574, 51.5745644427143], [-0.0654026126538539, 51.5737261937471], [-0.0659324381189897, 51.5737176685283], [-0.0666386915676637, 51.5739616768134], [-0.0673109272801361, 51.5736596716371], [-0.0674691234587365, 51.5739928035232], [-0.0685860592309916, 51.5738525799626], [-0.068303489701516, 51.5732465310567], [-0.0687490264131808, 51.5731615646614], [-0.0689059425134054, 51.5725429615503], [-0.0693913505355236, 51.5725722133254], [-0.0692386065326609, 51.5708540859547], [-0.0696962536655554, 51.5706427938787], [-0.0696658111077263, 51.5701898458036], [-0.070515304843252, 51.5701778023171], [-0.0708974881070149, 51.5701777905968], [-0.0720263588333479, 51.5702860251517], [-0.0728471277546867, 51.5702878713774], [-0.0735342709424183, 51.5704236995616], [-0.0758554615944048, 51.5704626538876], [-0.0775846277699138, 51.5705977666922], [-0.0774308052071134, 51.5719903217325], [-0.0779574379745218, 51.572016046289], [-0.077411113366212, 51.5729363904737], [-0.0767067924631086, 51.5738394904919], [-0.0764050671133043, 51.5742657073318], [-0.0780212542386701, 51.5745519250976], [-0.0776082162293925, 51.5746063417179], [-0.0775753446055063, 51.5751855201874], [-0.0762451956831195, 51.5748645856788], [-0.0756719366130017, 51.5755496062412], [-0.0753791093786825, 51.575278562657], [-0.0751509526040477, 51.5755554613506], [-0.0733711703367575, 51.5756561458422], [-0.0723989091480894, 51.5756382253069], [-0.0692157298142801, 51.5760257920412], [-0.0672045681759296, 51.5762934858575], [-0.0667261360619647, 51.5763487085534], [-0.0666101673718953, 51.5766326035811], [-0.0653366696218127, 51.5768540773336], [-0.0644975357654431, 51.5770475578083], [-0.0621958674024676, 51.5775713397084], [-0.0611599099840545, 51.577785968394], [-0.060436845825693, 51.5764055597476], [-0.0600736959747167, 51.5756353505387]]]}}, {"type": "Feature", "properties": {"code": "E02000346", "name": "Woodberry Down & Manor House"}, "geometry": {"type": "Polygon", "coordinates": [[[-0.0841321725504993, 51.5741667670242], [-0.0838928583537639, 51.5734103900404], [-0.0837604490664888, 51.5727184029133], [-0.0845876261603296, 51.5728384158608], [-0.085886764287873, 51.5725325432733], [-0.0859562378690818, 51.5728659899604], [-0.0866936298295279, 51.5726021367789], [-0.0867923458792179, 51.5725657994621], [-0.0875004388504281, 51.5721325195637], [-0.0879828730878697, 51.5722584541738], [-0.0885504444669402, 51.5722754093039], [-0.0884484106524228, 51.5719828992513], [-0.088096394860764, 51.5717050502363], [-0.0887660436661443, 51.5711598719473], [-0.0891131162875111, 51.5708956361291], [-0.0875827106053303, 51.5693336488746], [-0.0878227885863133, 51.5683800853355], [-0.0881738800063558, 51.5676079271062], [-0.0892063908257687, 51.5667782491528], [-0.0907265219837197, 51.565954852024], [-0.0920864617671059, 51.5661622225121], [-0.0926415815482189, 51.5658695842421], [-0.0932528664640395, 51.5663312221063], [-0.0936767370757134, 51.5659487923562], [-0.0939434536197691, 51.5665341343147], [-0.0946605941702911, 51.5663715830104], [-0.0952268402257364, 51.5662821144107], [-0.0946887505355559, 51.5667877509616], [-0.0940274143860714, 51.5668698540396], [-0.0940629129030946, 51.5671623044114], [-0.0945524073631511, 51.5673184169784], [-0.094974374578111, 51.5681409554642], [-0.0951275108569877, 51.5682678296336], [-0.095744937564513, 51.5684985994197], [-0.0964349982752994, 51.5682988677372], [-0.0972243831638239, 51.5686705344104], [-0.0976088866495746, 51.568420831231], [-0.0982025191968044, 51.5682117859336], [-0.0976438231386372, 51.5688825804016], [-0.0981545931915451, 51.5690865856441], [-0.0960896261952374, 51.5707008227535], [-0.0978239975936061, 51.5736105534248], [-0.0964324871092052, 51.5737996601041], [-0.0949098355701017, 51.5736041098278], [-0.0940139543817767, 51.5738726766594], [-0.0934454319110703, 51.5740149623457], [-0.091599258215864, 51.5739915464626], [-0.0899033357412013, 51.5744235280528], [-0.086961027964707, 51.5744047932176], [-0.0872412365213292, 51.5747174788128], [-0.0854100282120236, 51.5750958274937], [-0.0852245246128769, 51.5751161341107], [-0.0814748436253373, 51.5755404209616], [-0.0801296896363655, 51.5755727979052], [-0.080215343754592, 51.5752762496382], [-0.0816556527912019, 51.5748313972744], [-0.0825604628880883, 51.5747712457247], [-0.0836501363883806, 51.5747000583914], [-0.0835389953666726, 51.5742403487826], [-0.0841321725504993, 51.5741667670242]]]}}, {"type": "Feature", "properties": {"code": "E02000347", "name": "Stamford Hill West"}, "geometry": {"type": "Polygon", "coordinates": [[[-0.077411113366212, 51.5729363904737], [-0.0779574379745218, 51.572016046289], [-0.0774308052071134, 51.5719903217325], [-0.0775846277699138, 51.5705977666922], [-0.0758554615944048, 51.5704626538876], [-0.0735342709424183, 51.5704236995616], [-0.0735915619417243, 51.5699456310452], [-0.0743056184499865, 51.5699832660522], [-0.0744417022992703, 51.5696542408489], [-0.0743017125647666, 51.5693286105516], [-0.0741752862227467, 51.5685549653741], [-0.0745758720852923, 51.5685562244797], [-0.0759617842805013, 51.5685407606626], [-0.0756027042395609, 51.5689833174975], [-0.0750162456292311, 51.5689259612294], [-0.0750167837155294, 51.5692883054515], [-0.0766772321921685, 51.5692714567219], [-0.0766975667177455, 51.5680133629247], [-0.0758473499472382, 51.5671579021469], [-0.0759571695261601, 51.5669276773359], [-0.0766878066436505, 51.5672778417319], [-0.076804089385714, 51.5669450786408], [-0.0772740863014172, 51.5670529964935], [-0.0775946158368782, 51.5661846208076], [-0.0794451988427544, 51.5661748775857], [-0.0810631617308057, 51.5667972727784], [-0.0826697525190242, 51.5663770427116], [-0.0836828929280565, 51.5661213461792], [-0.0841211267247572, 51.5665173174217], [-0.0840620109763974, 51.5668502470464], [-0.0827124286012902, 51.5671469074381], [-0.0822342652892642, 51.5667750431252], [-0.0823725583980808, 51.5671127044373], [-0.0817585685852879, 51.5672808346165], [-0.0820263113910662, 51.5677607375024], [-0.0836943930428811, 51.5673619047563], [-0.0839013445618353, 51.5677021519451], [-0.0847865530742562, 51.5676544664426], [-0.085498360358726, 51.5671911606723], [-0.0866955076283462, 51.5669736691939], [-0.0871394370817308, 51.566691740817], [-0.0872100234222577, 51.565738137512], [-0.0856794665786115, 51.5660036597763], [-0.0854581663414608, 51.5656706265663], [-0.0876415368725073, 51.5651062906338], [-0.0880803180550811, 51.5649982820434], [-0.0879173121849244, 51.56535718864], [-0.0884137185770031, 51.5653880568415], [-0.088021557164897, 51.5656922190109], [-0.0888315623527121, 51.5661721852343], [-0.088562961680312, 51.5663727999825], [-0.0892063908257687, 51.5667782491528], [-0.0881738800063558, 51.5676079271062], [-0.0878227885863133, 51.5683800853355], [-0.0875827106053303, 51.5693336488746], [-0.0891131162875111, 51.5708956361291], [-0.0887660436661443, 51.5711598719473], [-0.088096394860764, 51.5717050502363], [-0.0884484106524228, 51.5719828992513], [-0.0885504444669402, 51.5722754093039], [-0.0879828730878697, 51.5722584541738], [-0.0875004388504281, 51.5721325195637], [-0.0867923458792179, 51.5725657994621], [-0.0866936298295279, 51.5726021367789], [-0.0859562378690818, 51.5728659899604], [-0.085886764287873, 51.5725325432733], [-0.0845876261603296, 51.5728384158608], [-0.0837604490664888, 51.5727184029133], [-0.0838928583537639, 51.5734103900404], [-0.0841321725504993, 51.5741667670242], [-0.0835389953666726, 51.5742403487826], [-0.0836501363883806, 51.5747000583914], [-0.0825604628880883, 51.5747712457247], [-0.0816556527912019, 51.5748313972744], [-0.080215343754592, 51.5752762496382], [-0.0801296896363655, 51.5755727979052], [-0.0790475288022131, 51.5754739598204], [-0.0775753446055063, 51.5751855201874], [-0.0776082162293925, 51.5746063417179], [-0.0780212542386701, 51.5745519250976], [-0.0764050671133043, 51.5742657073318], [-0.0767067924631086, 51.5738394904919], [-0.077411113366212, 51.5729363904737]]]}}, {"type": "Feature", "properties": {"code": "E02000348", "name": "Stamford Hill South"}, "geometry": {"type": "Polygon", "coordinates": [[[-0.0640251414983833, 51.5743142561868], [-0.0657877241804426, 51.57304819838], [-0.0655132639079394, 51.5728394206507], [-0.0662039716467737, 51.572515277332], [-0.0655949473629426, 51.5721796023381], [-0.0639561735678548, 51.5734061826782], [-0.0616184621345542, 51.5717653005895], [-0.0585622283629439, 51.5731751536219], [-0.0584062541550938, 51.5725266382111], [-0.0568723804824696, 51.5714534860567], [-0.0581758919447806, 51.571019522605], [-0.0585119550562559, 51.5701915772046], [-0.0586247531356755, 51.5696600459459], [-0.0607603938382507, 51.5685065414095], [-0.060457531971481, 51.5681802244641], [-0.0619260926531694, 51.5678562769349], [-0.0613833528847901, 51.5681390169956], [-0.061831776781619, 51.5687155976901], [-0.0623549082059316, 51.5685297285641], [-0.0629294750950539, 51.5689599973505], [-0.0633968760087954, 51.5687941871973], [-0.0638650925925123, 51.5691628936119], [-0.0642745617779266, 51.5689319877756], [-0.0644332532984149, 51.5695038780564], [-0.065395162600824, 51.5689508426309], [-0.0670420746763917, 51.5680108117282], [-0.0673542591427551, 51.5678244397742], [-0.0668153702777821, 51.5676885437459], [-0.0674050018498897, 51.5665960349459], [-0.068054308011963, 51.5667676950918], [-0.0680149738576463, 51.5673472437811], [-0.0684856135472457, 51.5673510883141], [-0.0685039280884576, 51.5666465642571], [-0.0690697593623255, 51.5668549510461], [-0.0696753529163939, 51.5670240087576], [-0.0696834166700926, 51.5673657452247], [-0.071358328577885, 51.5673390088438], [-0.0718002194146813, 51.56747500165], [-0.0722182205143293, 51.5678950098095], [-0.0729313042301596, 51.5678756513263], [-0.0730763034640507, 51.5654789699239], [-0.0730832686182289, 51.5654175360962], [-0.0742967961962755, 51.566165712726], [-0.0758473499472382, 51.5671579021469], [-0.0766975667177455, 51.5680133629247], [-0.0766772321921685, 51.5692714567219], [-0.0750167837155294, 51.5692883054515], [-0.0750162456292311, 51.5689259612294], [-0.0756027042395609, 51.5689833174975], [-0.0759617842805013, 51.5685407606626], [-0.0745758720852923, 51.5685562244797], [-0.0741752862227467, 51.5685549653741], [-0.0743017125647666, 51.5693286105516], [-0.0744417022992703, 51.5696542408489], [-0.0743056184499865, 51.5699832660522], [-0.0735915619417243, 51.5699456310452], [-0.0735342709424183, 51.5704236995616], [-0.0728471277546867, 51.5702878713774], [-0.0720263588333479, 51.5702860251517], [-0.0708974881070149, 51.5701777905968], [-0.070515304843252, 51.5701778023171], [-0.0696658111077263, 51.5701898458036], [-0.0696962536655554, 51.5706427938787], [-0.0692386065326609, 51.5708540859547], [-0.0693913505355236, 51.5725722133254], [-0.0689059425134054, 51.5725429615503], [-0.0687490264131808, 51.5731615646614], [-0.068303489701516, 51.5732465310567], [-0.0685860592309916, 51.5738525799626], [-0.0674691234587365, 51.5739928035232], [-0.0673109272801361, 51.5736596716371], [-0.0666386915676637, 51.5739616768134], [-0.0659324381189897, 51.5737176685283], [-0.0654026126538539, 51.5737261937471], [-0.0648309710621574, 51.5745644427143], [-0.0643348682884598, 51.5745473331391], [-0.0640251414983833, 51.5743142561868]]]}}, {"type": "Feature", "properties": {"code": "E02000350", "name": "Stoke Newington East & Cazenove"}, "geometry": {"type": "Polygon", "coordinates": [[[-0.0644332532984149, 51.5695038780564], [-0.0642745617779266, 51.5689319877756], [-0.0638650925925123, 51.5691628936119], [-0.0633968760087954, 51.5687941871973], [-0.0629294750950539, 51.5689599973505], [-0.0623549082059316, 51.5685297285641], [-0.061831776781619, 51.5687155976901], [-0.0613833528847901, 51.5681390169956], [-0.0619260926531694, 51.5678562769349], [-0.0619033922012151, 51.5678349398377], [-0.0616158052111812, 51.5674987265493], [-0.0644031692682598, 51.5666468665988], [-0.0641073862942619, 51.5661061289974], [-0.0647757166737215, 51.5660785384836], [-0.064814375821666, 51.5657838074192], [-0.065142455071584, 51.5651253984974], [-0.0658061928280572, 51.5639002642251], [-0.0660088493122632, 51.5636001409928], [-0.0670824529115763, 51.5623190616], [-0.0667216647968229, 51.5623239681866], [-0.0658117031139604, 51.5624759000931], [-0.0646324480837973, 51.5629595256988], [-0.063338441011657, 51.5628019019741], [-0.0611683292911062, 51.5625610577991], [-0.0602976078893275, 51.5624756320347], [-0.0597940057692785, 51.5625541776049], [-0.0589178204609507, 51.562044431339], [-0.0618470675668277, 51.5606213891229], [-0.0614744019090002, 51.5602793656629], [-0.0621387645909565, 51.5599287154243], [-0.0628138231915982, 51.5599815627145], [-0.0641013469457319, 51.5597259264817], [-0.0643458269864826, 51.5600232316617], [-0.0639353716427997, 51.5602133309894], [-0.0647638508964234, 51.5605523271085], [-0.065272376214862, 51.5603511545744], [-0.0665945821769664, 51.5603389101155], [-0.0660733463992796, 51.5595741387323], [-0.0665985692530962, 51.5592655217456], [-0.0672017144891708, 51.5592172386277], [-0.0678313380552575, 51.5603088579708], [-0.0684265224519548, 51.5602726512275], [-0.0677181881163167, 51.5589589212397], [-0.0687089519342978, 51.5588186791493], [-0.0686982681618422, 51.558268349857], [-0.0692549818360693, 51.5580689375357], [-0.069438171457778, 51.5583354798045], [-0.0703048122749269, 51.5601907784492], [-0.0703102831906033, 51.5602052388183], [-0.0707991705392798, 51.5618081872803], [-0.0715986159062146, 51.5628495257742], [-0.0728491126547854, 51.5633101727404], [-0.0731612829229265, 51.5634292569303], [-0.0730906784372072, 51.5638404330791], [-0.0730887833941648, 51.5641681731416], [-0.0730829727437576, 51.5652073038464], [-0.0730824630192951, 51.5652941194637], [-0.0730832686182289, 51.5654175360962], [-0.0730763034640507, 51.5654789699239], [-0.0729313042301596, 51.5678756513263], [-0.0722182205143293, 51.5678950098095], [-0.0718002194146813, 51.56747500165], [-0.071358328577885, 51.5673390088438], [-0.0696834166700926, 51.5673657452247], [-0.0696753529163939, 51.5670240087576], [-0.0690697593623255, 51.5668549510461], [-0.0685039280884576, 51.5666465642571], [-0.0684856135472457, 51.5673510883141], [-0.0680149738576463, 51.5673472437811], [-0.068054308011963, 51.5667676950918], [-0.0674050018498897, 51.5665960349459], [-0.0668153702777821, 51.5676885437459], [-0.0673542591427551, 51.5678244397742], [-0.0670420746763917, 51.5680108117282], [-0.065395162600824, 51.5689508426309], [-0.0644332532984149, 51.5695038780564]]]}}, {"type": "Feature", "properties": {"code": "E02000351", "name": "Brownswood"}, "geometry": {"type": "Polygon", "coordinates": [[[-0.0976438231386372, 51.5688825804016], [-0.0982025191968044, 51.5682117859336], [-0.0976088866495746, 51.568420831231], [-0.0972243831638239, 51.5686705344104], [-0.0964349982752994, 51.5682988677372], [-0.095744937564513, 51.5684985994197], [-0.0951275108569877, 51.5682678296336], [-0.094974374578111, 51.5681409554642], [-0.0945524073631511, 51.5673184169784], [-0.0940629129030946, 51.5671623044114], [-0.0940274143860714, 51.5668698540396], [-0.0946887505355559, 51.5667877509616], [-0.0952268402257364, 51.5662821144107], [-0.0946605941702911, 51.5663715830104], [-0.0939434536197691, 51.5665341343147], [-0.0936767370757134, 51.5659487923562], [-0.0932528664640395, 51.5663312221063], [-0.0926415815482189, 51.5658695842421], [-0.0920864617671059, 51.5661622225121], [-0.0907265219837197, 51.565954852024], [-0.0918339099807427, 51.5652928187416], [-0.0919435776175514, 51.5645504504946], [-0.0917697361548942, 51.5640755092729], [-0.092432400763144, 51.5639099381777], [-0.0919807116028356, 51.5628349810454], [-0.0919483653690453, 51.5627299061954], [-0.091874307767082, 51.5624893411061], [-0.0917846621131743, 51.5621462427793], [-0.0916775248666355, 51.5602241261474], [-0.0926726414476589, 51.5604198500264], [-0.0932377068411092, 51.5604863691503], [-0.0958310571909754, 51.5611956602475], [-0.0962194389375078, 51.5611963596349], [-0.0982889563544283, 51.5608814029217], [-0.0985613972547215, 51.5608398989911], [-0.0994574896942884, 51.5614901202742], [-0.0995657812715886, 51.5615620675233], [-0.101952442182883, 51.5631459659831], [-0.102173112662719, 51.563310598495], [-0.102511840505204, 51.5635101177138], [-0.10385682948161, 51.5643279243452], [-0.104482419774277, 51.5647127344609], [-0.102962134063987, 51.5656648389984], [-0.102034598225621, 51.5662562874723], [-0.101513327591094, 51.5665926214126], [-0.0993738563617701, 51.5681605122597], [-0.0981545931915451, 51.5690865856441], [-0.0976438231386372, 51.5688825804016]]]}}, {"type": "Feature", "properties": {"code": "E02000352", "name": "Clissold North"}, "geometry": {"type": "Polygon", "coordinates": [[[-0.0820263113910662, 51.5677607375024], [-0.0817585685852879, 51.5672808346165], [-0.0823725583980808, 51.5671127044373], [-0.0822342652892642, 51.5667750431252], [-0.0827124286012902, 51.5671469074381], [-0.0840620109763974, 51.5668502470464], [-0.0841211267247572, 51.5665173174217], [-0.0836828929280565, 51.5661213461792], [-0.0826697525190242, 51.5663770427116], [-0.0810631617308057, 51.5667972727784], [-0.0794451988427544, 51.5661748775857], [-0.0775946158368782, 51.5661846208076], [-0.0764933974129652, 51.5660119296666], [-0.0763881249844423, 51.5649839254498], [-0.0765228845305311, 51.5642858267166], [-0.0779480268432406, 51.5643631682333], [-0.0796052982706062, 51.5645854724019], [-0.0802651193050353, 51.5643206169777], [-0.0805486129622608, 51.5640483582386], [-0.0792699143392279, 51.5621410098944], [-0.080324021478924, 51.5621167205427], [-0.082014566054999, 51.5614586088663], [-0.0823833054459168, 51.5613287385241], [-0.0850366061642543, 51.5608902037147], [-0.0847121678010667, 51.5603212651557], [-0.0841768775157562, 51.5603289344524], [-0.0837264793724699, 51.5609377175164], [-0.0831680757704319, 51.5603287479406], [-0.0827661001121242, 51.5604306223262], [-0.0826880575241059, 51.5608764591718], [-0.0807943292809141, 51.5608397455319], [-0.0806071765193535, 51.5601442466034], [-0.0812239126130309, 51.5599000181397], [-0.0809763342540401, 51.5596763092593], [-0.0809731399756313, 51.5596428312975], [-0.0806884232751598, 51.5593379844017], [-0.0811027027734466, 51.559153703278], [-0.0810382227834008, 51.558592279861], [-0.0809531689660657, 51.5577844718328], [-0.081850414043938, 51.5578442174165], [-0.0819580088349652, 51.5576248048828], [-0.0804720134032327, 51.5574779803804], [-0.0810470288667337, 51.5569111330725], [-0.0820230567493657, 51.5565703676805], [-0.0824815480199909, 51.5567527971242], [-0.0831261151735465, 51.5571909353121], [-0.0832591923923883, 51.5572377159248], [-0.0832727518153512, 51.5580867706475], [-0.0850005680159989, 51.5591389154223], [-0.0848630109433759, 51.5588528865705], [-0.0859169924886266, 51.5584786220265], [-0.0874317275757959, 51.5583576960857], [-0.0881930452636561, 51.5587994604139], [-0.0903947679925449, 51.5576734552181], [-0.090538741538207, 51.5581363893206], [-0.0915804201077379, 51.5599636111349], [-0.0916775248666355, 51.5602241261474], [-0.0917846621131743, 51.5621462427793], [-0.091874307767082, 51.5624893411061], [-0.0919483653690453, 51.5627299061954], [-0.0919807116028356, 51.5628349810454], [-0.092432400763144, 51.5639099381777], [-0.0917697361548942, 51.5640755092729], [-0.0919435776175514, 51.5645504504946], [-0.0918339099807427, 51.5652928187416], [-0.0907265219837197, 51.565954852024], [-0.0892063908257687, 51.5667782491528], [-0.088562961680312, 51.5663727999825], [-0.0888315623527121, 51.5661721852343], [-0.088021557164897, 51.5656922190109], [-0.0884137185770031, 51.5653880568415], [-0.0879173121849244, 51.56535718864], [-0.0880803180550811, 51.5649982820434], [-0.0876415368725073, 51.5651062906338], [-0.0854581663414608, 51.5656706265663], [-0.0856794665786115, 51.5660036597763], [-0.0872100234222577, 51.565738137512], [-0.0871394370817308, 51.566691740817], [-0.0866955076283462, 51.5669736691939], [-0.085498360358726, 51.5671911606723], [-0.0847865530742562, 51.5676544664426], [-0.0839013445618353, 51.5677021519451], [-0.0836943930428811, 51.5673619047563], [-0.0820263113910662, 51.5677607375024]]]}}, {"type": "Feature", "properties": {"code": "E02000353", "name": "Stoke Newington North"}, "geometry": {"type": "Polygon", "coordinates": [[[-0.0766878066436505, 51.5672778417319], [-0.0759571695261601, 51.5669276773359], [-0.0758473499472382, 51.5671579021469], [-0.0742967961962755, 51.566165712726], [-0.0730832686182289, 51.5654175360962], [-0.0730824630192951, 51.5652941194637], [-0.0730829727437576, 51.5652073038464], [-0.0730887833941648, 51.5641681731416], [-0.0730906784372072, 51.5638404330791], [-0.0731612829229265, 51.5634292569303], [-0.0728491126547854, 51.5633101727404], [-0.0715986159062146, 51.5628495257742], [-0.0707991705392798, 51.5618081872803], [-0.0703102831906033, 51.5602052388183], [-0.0703048122749269, 51.5601907784492], [-0.069438171457778, 51.5583354798045], [-0.0692549818360693, 51.5580689375357], [-0.069096401820138, 51.5578637851698], [-0.0687822640814669, 51.5574746119521], [-0.0690177049026569, 51.5569811261332], [-0.0711849786260149, 51.5568579334716], [-0.071546702209435, 51.5571779834165], [-0.071792973910962, 51.556545203421], [-0.0714544568083625, 51.5564178712021], [-0.0716977359607888, 51.5561539030881], [-0.0739234058230509, 51.5566851626483], [-0.0739839117856943, 51.556355902005], [-0.0740425801347751, 51.5559009567235], [-0.074538662692554, 51.5559170509453], [-0.074533481446716, 51.556847121083], [-0.0743921580668104, 51.5582018349379], [-0.0743824143631817, 51.5582525732173], [-0.0737928599163711, 51.5582069118607], [-0.0733714064592279, 51.5590659840627], [-0.0741552218556925, 51.5593289961158], [-0.0739036607621142, 51.5607086997855], [-0.0739017839578658, 51.560718300063], [-0.0745213891327376, 51.560736379346], [-0.0742271090951743, 51.5602638172605], [-0.0746491348475353, 51.5598071906818], [-0.0750960801516771, 51.5598020433725], [-0.0750826101433372, 51.5601694146355], [-0.0754342863397103, 51.5600778192215], [-0.0753848018829966, 51.5597456812194], [-0.0763242853330871, 51.5595109249584], [-0.0760873681407673, 51.559246807517], [-0.0757292078655088, 51.5590116385349], [-0.0784948666836939, 51.5580660842406], [-0.0787909085479862, 51.5578997711084], [-0.0792163345460951, 51.5579228430229], [-0.0801016998570885, 51.5579901409023], [-0.0802530480208144, 51.5592753671745], [-0.0806884232751598, 51.5593379844017], [-0.0809731399756313, 51.5596428312975], [-0.0809763342540401, 51.5596763092593], [-0.0812239126130309, 51.5599000181397], [-0.0806071765193535, 51.5601442466034], [-0.0807943292809141, 51.5608397455319], [-0.0826880575241059, 51.5608764591718], [-0.0827661001121242, 51.5604306223262], [-0.0831680757704319, 51.5603287479406], [-0.0837264793724699, 51.5609377175164], [-0.0841768775157562, 51.5603289344524], [-0.0847121678010667, 51.5603212651557], [-0.0850366061642543, 51.5608902037147], [-0.0823833054459168, 51.5613287385241], [-0.082014566054999, 51.5614586088663], [-0.080324021478924, 51.5621167205427], [-0.0792699143392279, 51.5621410098944], [-0.0805486129622608, 51.5640483582386], [-0.0802651193050353, 51.5643206169777], [-0.0796052982706062, 51.5645854724019], [-0.0779480268432406, 51.5643631682333], [-0.0765228845305311, 51.5642858267166], [-0.0763881249844423, 51.5649839254498], [-0.0764933974129652, 51.5660119296666], [-0.0775946158368782, 51.5661846208076], [-0.0772740863014172, 51.5670529964935], [-0.076804089385714, 51.5669450786408], [-0.0766878066436505, 51.5672778417319]]]}}, {"type": "Feature", "properties": {"code": "E02000354", "name": "Hackney Downs"}, "geometry": {"type": "Polygon", "coordinates": [[[-0.0565392368993676, 51.5598825654909], [-0.0564736052292835, 51.5597289349741], [-0.0559554946588531, 51.5587957814178], [-0.0558737198945023, 51.5584100671698], [-0.0558852775511426, 51.5580615770867], [-0.0558785186129116, 51.5574192355609], [-0.0555761669511146, 51.5564627486141], [-0.0555249794435637, 51.5563892964692], [-0.0552471130536983, 51.555979064383], [-0.0543599094207929, 51.5546959104534], [-0.0529535512383841, 51.5528029346242], [-0.053424801731206, 51.5527053546369], [-0.0560156625992885, 51.5521879158914], [-0.0560662709662688, 51.5523607687131], [-0.0561476135351155, 51.5526462679408], [-0.056209916283836, 51.5529695623992], [-0.0579395076051628, 51.5527217715865], [-0.0579731256854882, 51.5527166675485], [-0.0596954129637012, 51.5524818007171], [-0.0622822717960402, 51.5521268636175], [-0.0639048532141528, 51.5519074765856], [-0.0652387047877942, 51.5531127153559], [-0.0656586482197075, 51.553708313799], [-0.0662336680187379, 51.5547119660158], [-0.0666625074998949, 51.5555009221042], [-0.0681246049160383, 51.555577379626], [-0.0681829174407916, 51.5559662913541], [-0.0682216774847823, 51.5561998364921], [-0.0687822640814669, 51.5574746119521], [-0.069096401820138, 51.5578637851698], [-0.0692549818360693, 51.5580689375357], [-0.0686982681618422, 51.558268349857], [-0.0687089519342978, 51.5588186791493], [-0.0677181881163167, 51.5589589212397], [-0.0684265224519548, 51.5602726512275], [-0.0678313380552575, 51.5603088579708], [-0.0672017144891708, 51.5592172386277], [-0.0665985692530962, 51.5592655217456], [-0.0660733463992796, 51.5595741387323], [-0.0665945821769664, 51.5603389101155], [-0.065272376214862, 51.5603511545744], [-0.0647638508964234, 51.5605523271085], [-0.0639353716427997, 51.5602133309894], [-0.0643458269864826, 51.5600232316617], [-0.0641013469457319, 51.5597259264817], [-0.0628138231915982, 51.5599815627145], [-0.0621387645909565, 51.5599287154243], [-0.0614744019090002, 51.5602793656629], [-0.0618470675668277, 51.5606213891229], [-0.0589178204609507, 51.562044431339], [-0.0597940057692785, 51.5625541776049], [-0.059470904777938, 51.5626328758952], [-0.0581285370684664, 51.5630155231078], [-0.0576282846158778, 51.5624639927673], [-0.0575903702312804, 51.5624192664366], [-0.0565392368993676, 51.5598825654909]]]}}, {"type": "Feature", "properties": {"code": "E02000355", "name": "Lower Clapton"}, "geometry": {"type": "Polygon", "coordinates": [[[-0.0502802662884356, 51.5605990943286], [-0.0499605208563897, 51.5603122883676], [-0.0489718191569748, 51.5607371206722], [-0.0473977488033145, 51.55923074087], [-0.045262415272635, 51.5591761199745], [-0.0464234305101943, 51.5570018653724], [-0.0457996922328203, 51.5567030914518], [-0.0455187434610957, 51.5561337300687], [-0.0454513912949367, 51.5557887920995], [-0.0449329334587305, 51.5548681339054], [-0.0443518633950687, 51.5536889610852], [-0.0440390718940231, 51.5530504782631], [-0.0439004257077047, 51.5527601882276], [-0.0448458962021211, 51.5525878943129], [-0.0447230042042878, 51.5522739011205], [-0.0456519482589333, 51.5521609390049], [-0.0457903994807748, 51.5524647765782], [-0.0467182771472392, 51.5523558619511], [-0.0467290546075501, 51.5520606135962], [-0.0486494594610149, 51.5518708864457], [-0.0488875168749291, 51.5527676619575], [-0.0498414910892087, 51.5526235721455], [-0.052223161359273, 51.551970017027], [-0.0526399937454311, 51.5523761845195], [-0.0529535512383841, 51.5528029346242], [-0.0543599094207929, 51.5546959104534], [-0.0552471130536983, 51.555979064383], [-0.0555249794435637, 51.5563892964692], [-0.0555761669511146, 51.5564627486141], [-0.0558785186129116, 51.5574192355609], [-0.0558852775511426, 51.5580615770867], [-0.0558737198945023, 51.5584100671698], [-0.0559554946588531, 51.5587957814178], [-0.0564736052292835, 51.5597289349741], [-0.0556929572313322, 51.5600772417965], [-0.0555227745487232, 51.5604770661307], [-0.0560094977802304, 51.5606893786076], [-0.0566062402939463, 51.5612183099084], [-0.0523640890277393, 51.5619899736084], [-0.0525714917444267, 51.5622586752975], [-0.0520883052022926, 51.5623721036796], [-0.0500112366776482, 51.5615813125033], [-0.0500357153018486, 51.5615179878797], [-0.0502802662884356, 51.5605990943286]]]}}, {"type": "Feature", "properties": {"code": "E02000356", "name": "Clissold South"}, "geometry": {"type": "Polygon", "coordinates": [[[-0.0787909085479862, 51.5578997711084], [-0.0788508996845701, 51.5576638525572], [-0.0788558193712633, 51.557624779249], [-0.0790867033507186, 51.5560983043014], [-0.0791113049386784, 51.5559362285095], [-0.0791495298906386, 51.555686960341], [-0.0792079416162693, 51.5551041593813], [-0.0793105391078493, 51.5541174675058], [-0.0804241173606445, 51.5542541780694], [-0.0802326713924936, 51.5547098370476], [-0.0818874599780792, 51.5546083635039], [-0.0829558154412433, 51.5544968859127], [-0.0833825877174375, 51.554551772016], [-0.0839378339524697, 51.5537417863305], [-0.0826617608725802, 51.5539203038972], [-0.0822816149391154, 51.553234130351], [-0.0823886394013075, 51.5528817158484], [-0.0829183832529366, 51.5529401596514], [-0.0834781810642514, 51.5530073928947], [-0.0836305825032848, 51.5526730214794], [-0.0842952165384948, 51.5525763211819], [-0.085117696525442, 51.5521103788204], [-0.0854008767489035, 51.5521468863182], [-0.0856845733519649, 51.552241799739], [-0.0869274179203553, 51.552662598656], [-0.0876252722289583, 51.5528656617134], [-0.0883282281742226, 51.5536334351199], [-0.0886750699947381, 51.5538786856225], [-0.089282618881486, 51.553768551013], [-0.0896845041155333, 51.5540108004917], [-0.0903774461024821, 51.5541515283318], [-0.0903683238572169, 51.5544255193525], [-0.0903273062976911, 51.5558109535294], [-0.0903263400295221, 51.5558714040763], [-0.0903260270773227, 51.5568131587777], [-0.0903947679925449, 51.5576734552181], [-0.0881930452636561, 51.5587994604139], [-0.0874317275757959, 51.5583576960857], [-0.0859169924886266, 51.5584786220265], [-0.0848630109433759, 51.5588528865705], [-0.0850005680159989, 51.5591389154223], [-0.0832727518153512, 51.5580867706475], [-0.0832591923923883, 51.5572377159248], [-0.0831261151735465, 51.5571909353121], [-0.0824815480199909, 51.5567527971242], [-0.0820230567493657, 51.5565703676805], [-0.0810470288667337, 51.5569111330725], [-0.0804720134032327, 51.5574779803804], [-0.0819580088349652, 51.5576248048828], [-0.081850414043938, 51.5578442174165], [-0.0809531689660657, 51.5577844718328], [-0.0810382227834008, 51.558592279861], [-0.0811027027734466, 51.559153703278], [-0.0806884232751598, 51.5593379844017], [-0.0802530480208144, 51.5592753671745], [-0.0801016998570885, 51.5579901409023], [-0.0792163345460951, 51.5579228430229], [-0.0787909085479862, 51.5578997711084]]]}}, {"type": "Feature", "properties": {"code": "E02000357", "name": "Hackney Marshes"}, "geometry": {"type": "Polygon", "coordinates": [[[-0.0399689472105582, 51.5617811429409], [-0.038961728559883, 51.5612223136848], [-0.0363890030119125, 51.5615062213638], [-0.0346014452841304, 51.5610283724798], [-0.0332808922571375, 51.5606225234238], [-0.0300885694475266, 51.5613611909631], [-0.0277542386810149, 51.5607685642338], [-0.0257265028574234, 51.5598000623595], [-0.0243483945530761, 51.5586879624062], [-0.0238879398049277, 51.5573251760494], [-0.0231109811780079, 51.5573020770816], [-0.018456168362117, 51.5551144214007], [-0.0178778382249529, 51.5541338008593], [-0.01716355541707, 51.5517101401412], [-0.0180553630116708, 51.5516689012047], [-0.0198864648761231, 51.5523246832567], [-0.0205655505821697, 51.5518207426891], [-0.0216274936008533, 51.5521136152612], [-0.0246662027869622, 51.5519115950062], [-0.0268903126644724, 51.551755393576], [-0.0297217032093464, 51.5516513985861], [-0.03103166244296, 51.5511373769932], [-0.0317460947745943, 51.5508277201476], [-0.0331284891065638, 51.5503092793153], [-0.0332540210952607, 51.5502739252858], [-0.0350998124755433, 51.5498623509848], [-0.0351864799031747, 51.5501197005443], [-0.0356113342413539, 51.5500527845606], [-0.0359243686553157, 51.551278162209], [-0.0354391715280865, 51.551359604882], [-0.0354799290038126, 51.5518718360918], [-0.0360131764326435, 51.5519493063411], [-0.0359393711657022, 51.5522874562764], [-0.0350179304639372, 51.5523648470491], [-0.0352145906213052, 51.5528102703314], [-0.0356303389063513, 51.5532008192036], [-0.0376711786643953, 51.5542835481817], [-0.037784229700099, 51.5541932206786], [-0.0391909607946859, 51.5539737839642], [-0.0384510064618773, 51.5544455486207], [-0.0392416355165913, 51.5549512447904], [-0.0402883960777942, 51.5547645014881], [-0.0411581648541009, 51.5549727250029], [-0.0415073843466739, 51.5556985375862], [-0.0416427127403791, 51.5559711772498], [-0.0421370670654921, 51.5558193498117], [-0.0424093742358263, 51.5561741360255], [-0.0429140485373089, 51.5561318022564], [-0.0430270462079946, 51.5563787528392], [-0.0434251873108666, 51.5570969591807], [-0.0457996922328203, 51.5567030914518], [-0.0464234305101943, 51.5570018653724], [-0.045262415272635, 51.5591761199745], [-0.0449017329884285, 51.5598544320951], [-0.0442984846955123, 51.5610421410801], [-0.045077182951157, 51.5617589113982], [-0.042308743803027, 51.5613890762444], [-0.0399689472105582, 51.5617811429409]]]}}, {"type": "Feature", "properties": {"code": "E02000358", "name": "Stoke Newington South"}, "geometry": {"type": "Polygon", "coordinates": [[[-0.0739036607621142, 51.5607086997855], [-0.0741552218556925, 51.5593289961158], [-0.0733714064592279, 51.5590659840627], [-0.0737928599163711, 51.5582069118607], [-0.0743824143631817, 51.5582525732173], [-0.0743921580668104, 51.5582018349379], [-0.074533481446716, 51.556847121083], [-0.074538662692554, 51.5559170509453], [-0.0740425801347751, 51.5559009567235], [-0.0739839117856943, 51.556355902005], [-0.0739234058230509, 51.5566851626483], [-0.0716977359607888, 51.5561539030881], [-0.0714544568083625, 51.5564178712021], [-0.071792973910962, 51.556545203421], [-0.071546702209435, 51.5571779834165], [-0.0711849786260149, 51.5568579334716], [-0.0690177049026569, 51.5569811261332], [-0.0687822640814669, 51.5574746119521], [-0.0682216774847823, 51.5561998364921], [-0.0681829174407916, 51.5559662913541], [-0.0681246049160383, 51.555577379626], [-0.0685150626754439, 51.5542964341395], [-0.068570204813565, 51.5542225871255], [-0.0693615331715881, 51.5541374613373], [-0.0699559237471861, 51.5536983361175], [-0.0711133260915077, 51.5539365573182], [-0.071294555100896, 51.5534455108335], [-0.073092102658544, 51.5533934444425], [-0.0731432598451908, 51.5533919207424], [-0.0734633063849743, 51.5533823011098], [-0.0748357340211147, 51.5531021321481], [-0.0748721033842285, 51.5529816436159], [-0.0750248272873865, 51.5522565093317], [-0.0743428615141219, 51.5520380293935], [-0.0739593966480285, 51.5517461675052], [-0.0732334537515138, 51.5519801082095], [-0.072891145811495, 51.5516627653473], [-0.0717333424210424, 51.5520794814746], [-0.0701838366860277, 51.5528058811571], [-0.069561195722445, 51.5528352001445], [-0.0687684308538001, 51.5520875145191], [-0.0684933065004728, 51.5511683251667], [-0.0702533863742058, 51.5508196467026], [-0.0718958270107633, 51.5508646744459], [-0.0723699660180552, 51.5512501687521], [-0.072971949422134, 51.5509992847153], [-0.0741314644969436, 51.550759533461], [-0.0751692899962683, 51.5505648571459], [-0.0752293290647933, 51.5505722283554], [-0.0759392399151889, 51.5503476720212], [-0.0752908514409326, 51.5499186599352], [-0.0758053427559591, 51.5497665761697], [-0.0757907255116523, 51.5494489792411], [-0.0774855352392364, 51.5491786964977], [-0.0784576256232408, 51.5505898006861], [-0.0785347920173706, 51.5507112117978], [-0.0790195548299545, 51.5513403883483], [-0.0794169775293237, 51.551655190256], [-0.0800194298886227, 51.5518436949562], [-0.0823436887921693, 51.5520653831725], [-0.0824279990139508, 51.5520730184436], [-0.0840069748925403, 51.5521009867092], [-0.085117696525442, 51.5521103788204], [-0.0842952165384948, 51.5525763211819], [-0.0836305825032848, 51.5526730214794], [-0.0834781810642514, 51.5530073928947], [-0.0829183832529366, 51.5529401596514], [-0.0823886394013075, 51.5528817158484], [-0.0822816149391154, 51.553234130351], [-0.0826617608725802, 51.5539203038972], [-0.0839378339524697, 51.5537417863305], [-0.0833825877174375, 51.554551772016], [-0.0829558154412433, 51.5544968859127], [-0.0818874599780792, 51.5546083635039], [-0.0802326713924936, 51.5547098370476], [-0.0804241173606445, 51.5542541780694], [-0.0793105391078493, 51.5541174675058], [-0.0792079416162693, 51.5551041593813], [-0.0791495298906386, 51.555686960341], [-0.0791113049386784, 51.5559362285095], [-0.0790867033507186, 51.5560983043014], [-0.0788558193712633, 51.557624779249], [-0.0788508996845701, 51.5576638525572], [-0.0787909085479862, 51.5578997711084], [-0.0784948666836939, 51.5580660842406], [-0.0757292078655088, 51.5590116385349], [-0.0760873681407673, 51.559246807517], [-0.0763242853330871, 51.5595109249584], [-0.0753848018829966, 51.5597456812194], [-0.0754342863397103, 51.5600778192215], [-0.0750826101433372, 51.5601694146355], [-0.0750960801516771, 51.5598020433725], [-0.0746491348475353, 51.5598071906818], [-0.0742271090951743, 51.5602638172605], [-0.0745213891327376, 51.560736379346], [-0.0739017839578658, 51.560718300063], [-0.0739036607621142, 51.5607086997855]]]}}, {"type": "Feature", "properties": {"code": "E02000359", "name": "Homerton North"}, "geometry": {"type": "Polygon", "coordinates": [[[-0.0430270462079946, 51.5563787528392], [-0.0429140485373089, 51.5561318022564], [-0.0424093742358263, 51.5561741360255], [-0.0421370670654921, 51.5558193498117], [-0.0416427127403791, 51.5559711772498], [-0.0415073843466739, 51.5556985375862], [-0.0411581648541009, 51.5549727250029], [-0.0402883960777942, 51.5547645014881], [-0.0392416355165913, 51.5549512447904], [-0.0384510064618773, 51.5544455486207], [-0.0391909607946859, 51.5539737839642], [-0.037784229700099, 51.5541932206786], [-0.0376711786643953, 51.5542835481817], [-0.0356303389063513, 51.5532008192036], [-0.0352145906213052, 51.5528102703314], [-0.0350179304639372, 51.5523648470491], [-0.0359393711657022, 51.5522874562764], [-0.0360131764326435, 51.5519493063411], [-0.0354799290038126, 51.5518718360918], [-0.0354391715280865, 51.551359604882], [-0.0359243686553157, 51.551278162209], [-0.0356113342413539, 51.5500527845606], [-0.0351864799031747, 51.5501197005443], [-0.0350998124755433, 51.5498623509848], [-0.0366283145895596, 51.549487065977], [-0.0377386898650419, 51.5492546960651], [-0.0397511559041685, 51.5488675191719], [-0.040970876600909, 51.5487325594701], [-0.0437596010358013, 51.5483272985812], [-0.0440981808773818, 51.5482581009039], [-0.0440355396265256, 51.5493972131263], [-0.044301023105352, 51.549877212574], [-0.0433394272127191, 51.5501313624389], [-0.0430163947956284, 51.5502335054312], [-0.0437011801677582, 51.5514121877393], [-0.0447215861436646, 51.5509177625861], [-0.0463740913770016, 51.5512534432134], [-0.0467290546075501, 51.5520606135962], [-0.0467182771472392, 51.5523558619511], [-0.0457903994807748, 51.5524647765782], [-0.0456519482589333, 51.5521609390049], [-0.0447230042042878, 51.5522739011205], [-0.0448458962021211, 51.5525878943129], [-0.0439004257077047, 51.5527601882276], [-0.0440390718940231, 51.5530504782631], [-0.0443518633950687, 51.5536889610852], [-0.0449329334587305, 51.5548681339054], [-0.0454513912949367, 51.5557887920995], [-0.0455187434610957, 51.5561337300687], [-0.0457996922328203, 51.5567030914518], [-0.0434251873108666, 51.5570969591807], [-0.0430270462079946, 51.5563787528392]]]}}, {"type": "Feature", "properties": {"code": "E02000360", "name": "Amhurst Road & Pembury Estate"}, "geometry": {"type": "Polygon", "coordinates": [[[-0.0656586482197075, 51.553708313799], [-0.0652387047877942, 51.5531127153559], [-0.0639048532141528, 51.5519074765856], [-0.0622822717960402, 51.5521268636175], [-0.0596954129637012, 51.5524818007171], [-0.0579731256854882, 51.5527166675485], [-0.0579395076051628, 51.5527217715865], [-0.056209916283836, 51.5529695623992], [-0.0561476135351155, 51.5526462679408], [-0.0560662709662688, 51.5523607687131], [-0.0560156625992885, 51.5521879158914], [-0.0557771892676944, 51.5515553483034], [-0.0554838913480093, 51.5509077056303], [-0.0552835608867083, 51.5504551806968], [-0.0581014346818791, 51.5501175023691], [-0.0579902962691419, 51.549618126156], [-0.0593738216523837, 51.549742382023], [-0.0593948835356743, 51.5497321372852], [-0.0596188782729408, 51.5495741925444], [-0.0599699467807222, 51.549317272656], [-0.0595383935206991, 51.5488237986725], [-0.0591544004761232, 51.5491098750047], [-0.057815564967872, 51.5482551628746], [-0.0586504875934556, 51.547860013639], [-0.0591251628252344, 51.547982079586], [-0.0599000957679694, 51.5475078901455], [-0.0597047903260917, 51.5471923427765], [-0.062422907980167, 51.5473058111145], [-0.0629357245885647, 51.5473533942574], [-0.0634117865396777, 51.5473677876317], [-0.0638916843805001, 51.5481139567575], [-0.0646817702533663, 51.5481041332756], [-0.0638423299123559, 51.546109292917], [-0.0645061164829532, 51.5461661042885], [-0.0649838951424176, 51.5469222518502], [-0.0652089898092799, 51.5474484534334], [-0.0664245294660334, 51.5475139964329], [-0.0683625371957832, 51.5476176107056], [-0.0689583010481735, 51.5476680140905], [-0.0685654474290278, 51.548143074911], [-0.0676522809854191, 51.5482745808537], [-0.0676800309756262, 51.5486480756404], [-0.0676959646775907, 51.5491702353895], [-0.0678043048121514, 51.5499127539854], [-0.0677212329177556, 51.5499361866261], [-0.0680092997499446, 51.5513336004311], [-0.0684933065004728, 51.5511683251667], [-0.0687684308538001, 51.5520875145191], [-0.069561195722445, 51.5528352001445], [-0.0701838366860277, 51.5528058811571], [-0.0717333424210424, 51.5520794814746], [-0.072891145811495, 51.5516627653473], [-0.0732334537515138, 51.5519801082095], [-0.0739593966480285, 51.5517461675052], [-0.0743428615141219, 51.5520380293935], [-0.0750248272873865, 51.5522565093317], [-0.0748721033842285, 51.5529816436159], [-0.0748357340211147, 51.5531021321481], [-0.0734633063849743, 51.5533823011098], [-0.0731432598451908, 51.5533919207424], [-0.073092102658544, 51.5533934444425], [-0.071294555100896, 51.5534455108335], [-0.0711133260915077, 51.5539365573182], [-0.0699559237471861, 51.5536983361175], [-0.0693615331715881, 51.5541374613373], [-0.068570204813565, 51.5542225871255], [-0.0685150626754439, 51.5542964341395], [-0.0681246049160383, 51.555577379626], [-0.0666625074998949, 51.5555009221042], [-0.0662336680187379, 51.5547119660158], [-0.0656586482197075, 51.553708313799]]]}}, {"type": "Feature", "properties": {"code": "E02000361", "name": "Hackney Central"}, "geometry": {"type": "Polygon", "coordinates": [[[-0.0488875168749291, 51.5527676619575], [-0.0486494594610149, 51.5518708864457], [-0.0467290546075501, 51.5520606135962], [-0.0463740913770016, 51.5512534432134], [-0.0467532048504337, 51.5511745794908], [-0.047847098184007, 51.5516068000031], [-0.0490625181876373, 51.5515301278793], [-0.0488472573209182, 51.5509200681869], [-0.0495132757750908, 51.5507013316765], [-0.0498651318865129, 51.5507031102238], [-0.0497787737127651, 51.5503258540699], [-0.0503472070941407, 51.5506243349107], [-0.051502887965198, 51.5504714607668], [-0.0520388462926675, 51.5507459064446], [-0.0519020252704033, 51.550273612794], [-0.0534651570534937, 51.5500571595324], [-0.052715238867904, 51.5494404256849], [-0.053393128304839, 51.5482345600276], [-0.0531997486235593, 51.5478941236401], [-0.0518299089050606, 51.5480230125759], [-0.0512895504695205, 51.5473257335556], [-0.0508701893315444, 51.5472688449783], [-0.0510262828467154, 51.5470485429174], [-0.0493300513517294, 51.5473043109706], [-0.0478219542029584, 51.5472665313557], [-0.047327687992274, 51.546747547558], [-0.0481801002988171, 51.5464289074688], [-0.0477374245228984, 51.5457738511035], [-0.0478815423619727, 51.5453634105311], [-0.0482054259853526, 51.5453163935002], [-0.0486017250350891, 51.5461406662732], [-0.0494957721975133, 51.5461938365955], [-0.0490218782597731, 51.5454914506728], [-0.0495612448086293, 51.5452615191677], [-0.04989534226207, 51.5452346308719], [-0.0502302465179461, 51.5457850944495], [-0.0508076715594991, 51.545794796683], [-0.0503823880118185, 51.5443275587289], [-0.0503017632286212, 51.5441280933248], [-0.0501881012728201, 51.5436388627981], [-0.0522589633020908, 51.5434697627981], [-0.0526725691268031, 51.543417758793], [-0.0548802389718833, 51.5431853034902], [-0.0552926055140053, 51.5431497299408], [-0.0552966848946841, 51.5431748296366], [-0.0553660424297578, 51.5436675038432], [-0.0553758924697753, 51.5442391951428], [-0.057145339208115, 51.5441908000904], [-0.0572607805702852, 51.5446339207633], [-0.0582582668749772, 51.5444164120607], [-0.0580069724861674, 51.5438621318298], [-0.0589531171036263, 51.5438893477727], [-0.0593139682844122, 51.5444029041705], [-0.059792023757791, 51.5443654039572], [-0.0602981579670015, 51.5456972840443], [-0.0605886120635684, 51.5459502868813], [-0.060931047875162, 51.5459344227746], [-0.0622302132721552, 51.5457307632858], [-0.0626269815990295, 51.5462768533414], [-0.0638124752417202, 51.5460512711383], [-0.0638423299123559, 51.546109292917], [-0.0646817702533663, 51.5481041332756], [-0.0638916843805001, 51.5481139567575], [-0.0634117865396777, 51.5473677876317], [-0.0629357245885647, 51.5473533942574], [-0.062422907980167, 51.5473058111145], [-0.0597047903260917, 51.5471923427765], [-0.0599000957679694, 51.5475078901455], [-0.0591251628252344, 51.547982079586], [-0.0586504875934556, 51.547860013639], [-0.057815564967872, 51.5482551628746], [-0.0591544004761232, 51.5491098750047], [-0.0595383935206991, 51.5488237986725], [-0.0599699467807222, 51.549317272656], [-0.0596188782729408, 51.5495741925444], [-0.0593948835356743, 51.5497321372852], [-0.0593738216523837, 51.549742382023], [-0.0579902962691419, 51.549618126156], [-0.0581014346818791, 51.5501175023691], [-0.0552835608867083, 51.5504551806968], [-0.0554838913480093, 51.5509077056303], [-0.0557771892676944, 51.5515553483034], [-0.0560156625992885, 51.5521879158914], [-0.053424801731206, 51.5527053546369], [-0.0529535512383841, 51.5528029346242], [-0.0526399937454311, 51.5523761845195], [-0.052223161359273, 51.551970017027], [-0.0498414910892087, 51.5526235721455], [-0.0488875168749291, 51.5527676619575]]]}}, {"type": "Feature", "properties": {"code": "E02000362", "name": "Hackney Wick"}, "geometry": {"type": "Polygon", "coordinates": [[[-0.0198864648761231, 51.5523246832567], [-0.0180553630116708, 51.5516689012047], [-0.0190955922845234, 51.5516207186542], [-0.018979824870675, 51.5505948932682], [-0.0173406004487558, 51.5472370398069], [-0.0171927214634517, 51.5466659692221], [-0.0169462756128334, 51.5456215383351], [-0.0166772352077078, 51.5442383654042], [-0.0164763273155589, 51.5432813477384], [-0.0193591428309897, 51.5435435483435], [-0.0256005532390455, 51.543292978259], [-0.0266070955604169, 51.5428630796777], [-0.0269264249987779, 51.5427673115272], [-0.0273089709246049, 51.5426561657805], [-0.0290615262260959, 51.5422865410549], [-0.0298201338892756, 51.5431348362655], [-0.0311220582742157, 51.5434812713903], [-0.033036601299215, 51.5446429374621], [-0.0357231104952492, 51.5430062260646], [-0.0365494631674997, 51.5432504614248], [-0.0374089473474715, 51.5442851485632], [-0.0375468687469029, 51.544261014912], [-0.0378263424701079, 51.5448052374704], [-0.0380259048023297, 51.5451952664775], [-0.0391608029524084, 51.5452072790774], [-0.0391759566905326, 51.5454813370893], [-0.0382013714368282, 51.5455671590021], [-0.038598658829018, 51.5457430195797], [-0.0409253554355674, 51.545821118648], [-0.0409540568627568, 51.5460343914706], [-0.0409361352895032, 51.5462770659969], [-0.0404046207894686, 51.5463071544804], [-0.0402752134728917, 51.5465852072872], [-0.0415889852031495, 51.5466358191187], [-0.0415375910679411, 51.5470191476937], [-0.0402164001395813, 51.5469775480803], [-0.0406543600735748, 51.5479634762283], [-0.040970876600909, 51.5487325594701], [-0.0397511559041685, 51.5488675191719], [-0.0377386898650419, 51.5492546960651], [-0.0366283145895596, 51.549487065977], [-0.0350998124755433, 51.5498623509848], [-0.0332540210952607, 51.5502739252858], [-0.0331284891065638, 51.5503092793153], [-0.0317460947745943, 51.5508277201476], [-0.03103166244296, 51.5511373769932], [-0.0297217032093464, 51.5516513985861], [-0.0268903126644724, 51.551755393576], [-0.0246662027869622, 51.5519115950062], [-0.0216274936008533, 51.5521136152612], [-0.0205655505821697, 51.5518207426891], [-0.0198864648761231, 51.5523246832567]]]}}, {"type": "Feature", "properties": {"code": "E02000363", "name": "Homerton South"}, "geometry": {"type": "Polygon", "coordinates": [[[-0.047847098184007, 51.5516068000031], [-0.0467532048504337, 51.5511745794908], [-0.0463740913770016, 51.5512534432134], [-0.0447215861436646, 51.5509177625861], [-0.0437011801677582, 51.5514121877393], [-0.0430163947956284, 51.5502335054312], [-0.0433394272127191, 51.5501313624389], [-0.044301023105352, 51.549877212574], [-0.0440355396265256, 51.5493972131263], [-0.0440981808773818, 51.5482581009039], [-0.0437596010358013, 51.5483272985812], [-0.040970876600909, 51.5487325594701], [-0.0406543600735748, 51.5479634762283], [-0.0402164001395813, 51.5469775480803], [-0.0415375910679411, 51.5470191476937], [-0.0415889852031495, 51.5466358191187], [-0.0402752134728917, 51.5465852072872], [-0.0404046207894686, 51.5463071544804], [-0.0409361352895032, 51.5462770659969], [-0.0409540568627568, 51.5460343914706], [-0.0409253554355674, 51.545821118648], [-0.038598658829018, 51.5457430195797], [-0.0382013714368282, 51.5455671590021], [-0.0391759566905326, 51.5454813370893], [-0.0391608029524084, 51.5452072790774], [-0.0380259048023297, 51.5451952664775], [-0.0378263424701079, 51.5448052374704], [-0.0375468687469029, 51.544261014912], [-0.0390687408559192, 51.5439579067875], [-0.039191402268183, 51.5445517955464], [-0.0405280828246403, 51.5442961826079], [-0.0409217648728398, 51.5442545498781], [-0.0414625600478705, 51.5441865118476], [-0.0426047709536412, 51.5444621079868], [-0.0442667175421702, 51.5442435088596], [-0.0449043657088897, 51.5442128731691], [-0.045794568826527, 51.5449307294726], [-0.0459777667204641, 51.5449238499024], [-0.0468032360596421, 51.5442022587279], [-0.0470529827765385, 51.5438680532915], [-0.0472051278795453, 51.5436990747565], [-0.0483660195218126, 51.5428577365274], [-0.048890758248188, 51.5415892128182], [-0.0493017860006798, 51.5411844519218], [-0.0508767563440081, 51.5421423225395], [-0.0509206098165722, 51.5421366476404], [-0.0518198728157513, 51.5420166868279], [-0.0516393013608455, 51.5414736802057], [-0.0519127300013974, 51.5413595400947], [-0.0522244456197876, 51.5416257479467], [-0.0529627483259476, 51.5415950372115], [-0.0538522812858817, 51.5423838596864], [-0.0537577583261854, 51.5427346022515], [-0.0546679307193795, 51.5427477848285], [-0.0548802389718833, 51.5431853034902], [-0.0526725691268031, 51.543417758793], [-0.0522589633020908, 51.5434697627981], [-0.0501881012728201, 51.5436388627981], [-0.0503017632286212, 51.5441280933248], [-0.0503823880118185, 51.5443275587289], [-0.0508076715594991, 51.545794796683], [-0.0502302465179461, 51.5457850944495], [-0.04989534226207, 51.5452346308719], [-0.0495612448086293, 51.5452615191677], [-0.0490218782597731, 51.5454914506728], [-0.0494957721975133, 51.5461938365955], [-0.0486017250350891, 51.5461406662732], [-0.0482054259853526, 51.5453163935002], [-0.0478815423619727, 51.5453634105311], [-0.0477374245228984, 51.5457738511035], [-0.0481801002988171, 51.5464289074688], [-0.047327687992274, 51.546747547558], [-0.0478219542029584, 51.5472665313557], [-0.0493300513517294, 51.5473043109706], [-0.0510262828467154, 51.5470485429174], [-0.0508701893315444, 51.5472688449783], [-0.0512895504695205, 51.5473257335556], [-0.0518299089050606, 51.5480230125759], [-0.0531997486235593, 51.5478941236401], [-0.053393128304839, 51.5482345600276], [-0.052715238867904, 51.5494404256849], [-0.0534651570534937, 51.5500571595324], [-0.0519020252704033, 51.550273612794], [-0.0520388462926675, 51.5507459064446], [-0.051502887965198, 51.5504714607668], [-0.0503472070941407, 51.5506243349107], [-0.0497787737127651, 51.5503258540699], [-0.0498651318865129, 51.5507031102238], [-0.0495132757750908, 51.5507013316765], [-0.0488472573209182, 51.5509200681869], [-0.0490625181876373, 51.5515301278793], [-0.047847098184007, 51.5516068000031]]]}}, {"type": "Feature", "properties": {"code": "E02000364", "name": "Dalston East"}, "geometry": {"type": "Polygon", "coordinates": [[[-0.0680092997499446, 51.5513336004311], [-0.0677212329177556, 51.5499361866261], [-0.0678043048121514, 51.5499127539854], [-0.0676959646775907, 51.5491702353895], [-0.0676800309756262, 51.5486480756404], [-0.0676522809854191, 51.5482745808537], [-0.0685654474290278, 51.548143074911], [-0.0689583010481735, 51.5476680140905], [-0.0683625371957832, 51.5476176107056], [-0.0664245294660334, 51.5475139964329], [-0.0652089898092799, 51.5474484534334], [-0.0649838951424176, 51.5469222518502], [-0.0645061164829532, 51.5461661042885], [-0.0638423299123559, 51.546109292917], [-0.0638124752417202, 51.5460512711383], [-0.0626269815990295, 51.5462768533414], [-0.0622302132721552, 51.5457307632858], [-0.060931047875162, 51.5459344227746], [-0.0605886120635684, 51.5459502868813], [-0.0602981579670015, 51.5456972840443], [-0.059792023757791, 51.5443654039572], [-0.0593139682844122, 51.5444029041705], [-0.0589531171036263, 51.5438893477727], [-0.0580069724861674, 51.5438621318298], [-0.0582582668749772, 51.5444164120607], [-0.0572607805702852, 51.5446339207633], [-0.057145339208115, 51.5441908000904], [-0.0553758924697753, 51.5442391951428], [-0.0553660424297578, 51.5436675038432], [-0.0572143401167949, 51.5434410822082], [-0.0578514279089031, 51.5434089501822], [-0.0595633150141226, 51.5436560267866], [-0.0601762997044337, 51.5436415943873], [-0.0603089075700078, 51.5422669839037], [-0.0619319382978226, 51.5421227607815], [-0.0615466407520783, 51.5410658839023], [-0.0615401142560573, 51.5410402821745], [-0.0625059952349435, 51.5408781894686], [-0.0630059811004713, 51.5407690729961], [-0.0630605627483165, 51.540170686891], [-0.0631553071431206, 51.5403160876435], [-0.0637238380333181, 51.5403242931601], [-0.064073342248401, 51.5406978143055], [-0.0643874719326285, 51.5399193051595], [-0.0667781935732172, 51.5398311192514], [-0.0674893360829219, 51.539452401245], [-0.0674620638044308, 51.5391195536005], [-0.0695277399346951, 51.5390498212771], [-0.0695627723331569, 51.5387038376314], [-0.069669864893626, 51.5387036965515], [-0.07024129376042, 51.5387051740358], [-0.0702307272163926, 51.5390498795733], [-0.0740894418515679, 51.5392194076149], [-0.0743745987311484, 51.5395250399636], [-0.0732383653416841, 51.5395740772882], [-0.0730338775625883, 51.5401970620863], [-0.0718146757064551, 51.5401294676936], [-0.0716846520847741, 51.5405017287961], [-0.0709940118967671, 51.5404649590158], [-0.0710548491766757, 51.5409639648731], [-0.0700303695965879, 51.5410859641104], [-0.0700055248050281, 51.54167279038], [-0.0703810122360752, 51.5416762538954], [-0.070903365825291, 51.5421155104563], [-0.0699545990027388, 51.5423280538001], [-0.0699178682646613, 51.5430635765834], [-0.069553699726248, 51.5430812602287], [-0.0693352446260437, 51.5430917816109], [-0.0672897426913799, 51.5431747138247], [-0.0644244042242406, 51.5432687291534], [-0.064446701820692, 51.5435659234086], [-0.0656979102965412, 51.5436394047603], [-0.0657634942937267, 51.5443577860518], [-0.0664276250312335, 51.5444367710778], [-0.0664390014624187, 51.5449087672663], [-0.0676739375399453, 51.5448136720198], [-0.0679323733157294, 51.5451458933541], [-0.0691044157456729, 51.5450578453511], [-0.0692818491258265, 51.5460031721563], [-0.0696597623061656, 51.5460977270262], [-0.0696074321505967, 51.5463126877643], [-0.0695776515569986, 51.5463804959855], [-0.0704187080438704, 51.5462271372607], [-0.0700000356566316, 51.5461567599601], [-0.0703542892670574, 51.5458377023479], [-0.070827668908273, 51.5459410743078], [-0.0717828174494735, 51.5460289240544], [-0.0717727414929943, 51.5462674221481], [-0.0714412349644607, 51.5462619640048], [-0.0715978298688955, 51.5464631209366], [-0.0720803310215176, 51.5464973009366], [-0.0719889807783336, 51.547029140022], [-0.0727724789763022, 51.5472555725957], [-0.0735129314452391, 51.5472664135018], [-0.0754294592259171, 51.5481350745129], [-0.0753873668186995, 51.5484491231223], [-0.0746866194448852, 51.548526112712], [-0.0746155059509836, 51.5493087194628], [-0.0729164700566923, 51.5489306148689], [-0.0730785352553739, 51.5492415605767], [-0.0716262930099929, 51.5493692970985], [-0.0715626782179214, 51.5497582324849], [-0.0710185265514431, 51.5497801094218], [-0.0710558405968601, 51.5501732335181], [-0.0716268784190879, 51.5501408403505], [-0.0722201847146786, 51.5506302946604], [-0.0718958270107633, 51.5508646744459], [-0.0702533863742058, 51.5508196467026], [-0.0684933065004728, 51.5511683251667], [-0.0680092997499446, 51.5513336004311]]]}}, {"type": "Feature", "properties": {"code": "E02000366", "name": "South Hackney"}, "geometry": {"type": "Polygon", "coordinates": [[[-0.045794568826527, 51.5449307294726], [-0.0449043657088897, 51.5442128731691], [-0.0442667175421702, 51.5442435088596], [-0.0426047709536412, 51.5444621079868], [-0.0414625600478705, 51.5441865118476], [-0.0409217648728398, 51.5442545498781], [-0.0405280828246403, 51.5442961826079], [-0.039191402268183, 51.5445517955464], [-0.0390687408559192, 51.5439579067875], [-0.0375468687469029, 51.544261014912], [-0.0374089473474715, 51.5442851485632], [-0.0365494631674997, 51.5432504614248], [-0.0357231104952492, 51.5430062260646], [-0.037735888846978, 51.541795257124], [-0.0371418078788218, 51.5414202804049], [-0.0373363502786367, 51.541232431493], [-0.0396672323043594, 51.539080076089], [-0.0407094478375987, 51.5381015700102], [-0.0420872983551144, 51.5371245035084], [-0.0434240968088273, 51.536510992319], [-0.0448345730292455, 51.5358086556735], [-0.0468957826407667, 51.5354905486722], [-0.0488695931770427, 51.5359875305629], [-0.0486035417515213, 51.5360878893891], [-0.0487901349613423, 51.5364971780793], [-0.049223230018051, 51.5373421177544], [-0.0483698014073746, 51.5376015005136], [-0.0483268950483138, 51.5378356026956], [-0.0479460517388061, 51.5379149267482], [-0.0468280335265659, 51.5380795751285], [-0.04564478451597, 51.5382544994423], [-0.0460974932830069, 51.5387546047431], [-0.0457727325476494, 51.5389033070949], [-0.0462102762807918, 51.539395722441], [-0.0466505299530166, 51.54005342048], [-0.047081682929175, 51.5397927912733], [-0.0474712152879353, 51.5400253793549], [-0.0485196161275265, 51.5397351513347], [-0.0487621873148294, 51.5389893598485], [-0.0500869730461809, 51.5386966247056], [-0.0502122919893821, 51.5388824426799], [-0.0511241745036749, 51.5402345741789], [-0.051307521076072, 51.5405064147875], [-0.052689620811889, 51.5402392014803], [-0.0528003066073361, 51.5405016275745], [-0.053059082028631, 51.5411154509034], [-0.0528270869581384, 51.5412831510083], [-0.0527134839742413, 51.5410153709629], [-0.0521727202354173, 51.5410061708597], [-0.0519127300013974, 51.5413595400947], [-0.0516393013608455, 51.5414736802057], [-0.0518198728157513, 51.5420166868279], [-0.0509206098165722, 51.5421366476404], [-0.0508767563440081, 51.5421423225395], [-0.0493017860006798, 51.5411844519218], [-0.048890758248188, 51.5415892128182], [-0.0483660195218126, 51.5428577365274], [-0.0472051278795453, 51.5436990747565], [-0.0470529827765385, 51.5438680532915], [-0.0468032360596421, 51.5442022587279], [-0.0459777667204641, 51.5449238499024], [-0.045794568826527, 51.5449307294726]]]}}, {"type": "Feature", "properties": {"code": "E02000367", "name": "London Fields & Mare Street"}, "geometry": {"type": "Polygon", "coordinates": [[[-0.0553660424297578, 51.5436675038432], [-0.0552966848946841, 51.5431748296366], [-0.0552926055140053, 51.5431497299408], [-0.0548802389718833, 51.5431853034902], [-0.0546679307193795, 51.5427477848285], [-0.0537577583261854, 51.5427346022515], [-0.0538522812858817, 51.5423838596864], [-0.0529627483259476, 51.5415950372115], [-0.0522244456197876, 51.5416257479467], [-0.0519127300013974, 51.5413595400947], [-0.0521727202354173, 51.5410061708597], [-0.0527134839742413, 51.5410153709629], [-0.0528270869581384, 51.5412831510083], [-0.053059082028631, 51.5411154509034], [-0.0528003066073361, 51.5405016275745], [-0.052689620811889, 51.5402392014803], [-0.051307521076072, 51.5405064147875], [-0.0511241745036749, 51.5402345741789], [-0.0502122919893821, 51.5388824426799], [-0.0500869730461809, 51.5386966247056], [-0.0487621873148294, 51.5389893598485], [-0.0485196161275265, 51.5397351513347], [-0.0474712152879353, 51.5400253793549], [-0.047081682929175, 51.5397927912733], [-0.0466505299530166, 51.54005342048], [-0.0462102762807918, 51.539395722441], [-0.0457727325476494, 51.5389033070949], [-0.0460974932830069, 51.5387546047431], [-0.04564478451597, 51.5382544994423], [-0.0468280335265659, 51.5380795751285], [-0.0479460517388061, 51.5379149267482], [-0.0483268950483138, 51.5378356026956], [-0.0483698014073746, 51.5376015005136], [-0.049223230018051, 51.5373421177544], [-0.0487901349613423, 51.5364971780793], [-0.0486035417515213, 51.5360878893891], [-0.0488695931770427, 51.5359875305629], [-0.0502224918784304, 51.5364533925996], [-0.0515950803679376, 51.5363244002977], [-0.0525564248910937, 51.5357204741482], [-0.0528135720964294, 51.5348896888436], [-0.0541397319000314, 51.5351167221074], [-0.0562450070389864, 51.534798194079], [-0.0572726713523019, 51.5344276558615], [-0.0572991209816932, 51.5344190748118], [-0.0588247324368148, 51.534105094875], [-0.0593685957972566, 51.534098204194], [-0.0604328032619051, 51.5343286860735], [-0.0624446571928337, 51.5355176065843], [-0.0645218456878971, 51.5356220654929], [-0.0645784710794604, 51.5356243117872], [-0.0633658751162583, 51.5357880414443], [-0.0630562376590796, 51.5366009735619], [-0.0621977699968324, 51.5367445111872], [-0.0624666284973145, 51.5376928832934], [-0.0617782930724933, 51.5380792146199], [-0.0620702116580142, 51.5383519559152], [-0.0620301198034498, 51.5386090097455], [-0.0609425903895492, 51.5388769407422], [-0.0611613749422234, 51.5396720553719], [-0.0615401142560573, 51.5410402821745], [-0.0615466407520783, 51.5410658839023], [-0.0619319382978226, 51.5421227607815], [-0.0603089075700078, 51.5422669839037], [-0.0601762997044337, 51.5436415943873], [-0.0595633150141226, 51.5436560267866], [-0.0578514279089031, 51.5434089501822], [-0.0572143401167949, 51.5434410822082], [-0.0553660424297578, 51.5436675038432]]]}}, {"type": "Feature", "properties": {"code": "E02000368", "name": "Haggerston East"}, "geometry": {"type": "Polygon", "coordinates": [[[-0.0615401142560573, 51.5410402821745], [-0.0611613749422234, 51.5396720553719], [-0.0609425903895492, 51.5388769407422], [-0.0620301198034498, 51.5386090097455], [-0.0620702116580142, 51.5383519559152], [-0.0617782930724933, 51.5380792146199], [-0.0624666284973145, 51.5376928832934], [-0.0621977699968324, 51.5367445111872], [-0.0630562376590796, 51.5366009735619], [-0.0633658751162583, 51.5357880414443], [-0.0645784710794604, 51.5356243117872], [-0.0645218456878971, 51.5356220654929], [-0.0624446571928337, 51.5355176065843], [-0.0627147057364212, 51.5341913809677], [-0.0626743590118945, 51.5340641477597], [-0.0622213363638149, 51.5332673528675], [-0.063059965944483, 51.5331112024603], [-0.0645795237776845, 51.5329409413428], [-0.0649557877312098, 51.5329048726988], [-0.0651134828304251, 51.5332171088095], [-0.0656414888266564, 51.5323929012623], [-0.0658924444262877, 51.5319778605716], [-0.0660548906450194, 51.531682214071], [-0.0662867998752833, 51.5312281581069], [-0.0672821615462882, 51.5311411121577], [-0.0713787978258453, 51.53094404207], [-0.0718050496071406, 51.5308930031951], [-0.0739533701992963, 51.5302457564159], [-0.0742493528153291, 51.5304322268418], [-0.074203011035226, 51.5306675374842], [-0.0747142064900956, 51.5306701443421], [-0.0747261568845542, 51.5314218980735], [-0.0743958994560932, 51.5314190055107], [-0.073811838508948, 51.530923167041], [-0.0722540669648293, 51.5310165550365], [-0.072307944018247, 51.5319007814609], [-0.0723111137882103, 51.5326986417992], [-0.0728411535701415, 51.533045384178], [-0.072296567436441, 51.533053319494], [-0.0723098076989063, 51.5338172547686], [-0.0724449146025327, 51.5342264069885], [-0.0717235534376679, 51.5343778902802], [-0.0715174852923627, 51.535480439039], [-0.0719122301738601, 51.5354614231199], [-0.0719255354322943, 51.5361680870128], [-0.0716976904389157, 51.5374299028795], [-0.0711505821616298, 51.5377537679362], [-0.0721600026389779, 51.5381265549526], [-0.072001498314046, 51.5377231951878], [-0.0719766605515207, 51.5373190504131], [-0.072177078981818, 51.5375085663235], [-0.0730186082777124, 51.5369176980038], [-0.0735229560079248, 51.5369259956112], [-0.0735887341344028, 51.5365734116712], [-0.0736535466503977, 51.5363024007185], [-0.0739575692399278, 51.5363260515209], [-0.0739961316794982, 51.5384982070189], [-0.0730473715898354, 51.5385621072578], [-0.0736215115372882, 51.5388945726598], [-0.0740894418515679, 51.5392194076149], [-0.0702307272163926, 51.5390498795733], [-0.07024129376042, 51.5387051740358], [-0.069669864893626, 51.5387036965515], [-0.0695627723331569, 51.5387038376314], [-0.0695277399346951, 51.5390498212771], [-0.0674620638044308, 51.5391195536005], [-0.0674893360829219, 51.539452401245], [-0.0667781935732172, 51.5398311192514], [-0.0643874719326285, 51.5399193051595], [-0.064073342248401, 51.5406978143055], [-0.0637238380333181, 51.5403242931601], [-0.0631553071431206, 51.5403160876435], [-0.0630605627483165, 51.540170686891], [-0.0630059811004713, 51.5407690729961], [-0.0625059952349435, 51.5408781894686], [-0.0615401142560573, 51.5410402821745]]]}}, {"type": "Feature", "properties": {"code": "E02000369", "name": "Haggerston West & Kingsland Basin"}, "geometry": {"type": "Polygon", "coordinates": [[[-0.080705872497232, 51.5405845527902], [-0.0810954223908795, 51.5392631907331], [-0.0806425896260874, 51.5392360219202], [-0.0805026881983188, 51.5384416582934], [-0.0813337668811425, 51.5385341422052], [-0.0815512017770231, 51.5378906200803], [-0.0823003921025709, 51.5378771992759], [-0.0821799273769504, 51.5375287622387], [-0.0817178306293129, 51.5374070875791], [-0.081887129136563, 51.5365686991685], [-0.0808818397848252, 51.5364712969179], [-0.0803419986125947, 51.5364197347546], [-0.0790545874914616, 51.5370551508621], [-0.079293574088503, 51.5372364616692], [-0.0801177938603659, 51.5373297836334], [-0.0799993836574842, 51.5384119512871], [-0.0796390008425724, 51.5385096251341], [-0.0788308554237656, 51.5387026150867], [-0.0787047406328376, 51.5391255503489], [-0.077738026962934, 51.5390605325792], [-0.0776700132639019, 51.5390566428204], [-0.0767166403227928, 51.5390021806649], [-0.0767400055334791, 51.5384182671594], [-0.0758810539485715, 51.5384539037682], [-0.0755489735518231, 51.5384666532413], [-0.0739961316794982, 51.5384982070189], [-0.0739575692399278, 51.5363260515209], [-0.0736535466503977, 51.5363024007185], [-0.0735887341344028, 51.5365734116712], [-0.0735229560079248, 51.5369259956112], [-0.0730186082777124, 51.5369176980038], [-0.072177078981818, 51.5375085663235], [-0.0719766605515207, 51.5373190504131], [-0.072001498314046, 51.5377231951878], [-0.0721600026389779, 51.5381265549526], [-0.0711505821616298, 51.5377537679362], [-0.0716976904389157, 51.5374299028795], [-0.0719255354322943, 51.5361680870128], [-0.0719122301738601, 51.5354614231199], [-0.0715174852923627, 51.535480439039], [-0.0717235534376679, 51.5343778902802], [-0.0724449146025327, 51.5342264069885], [-0.0723098076989063, 51.5338172547686], [-0.072296567436441, 51.533053319494], [-0.0728411535701415, 51.533045384178], [-0.0723111137882103, 51.5326986417992], [-0.072307944018247, 51.5319007814609], [-0.0736084739474727, 51.5318286453928], [-0.0737203162728111, 51.5317716644271], [-0.0758895476016354, 51.5317582262166], [-0.0759063031138935, 51.5327088987819], [-0.0771466040895014, 51.5328013602852], [-0.0771518312772759, 51.5329389875806], [-0.077124406628265, 51.5333626686732], [-0.0776906945694489, 51.5333048203066], [-0.0800836500002158, 51.5331889301017], [-0.0801382441430347, 51.532789815775], [-0.0801462844995252, 51.532731545065], [-0.0801514210470896, 51.5327319754736], [-0.0826036044242129, 51.5326074597134], [-0.0830365224811338, 51.5325769781215], [-0.0829672379589438, 51.5336347794426], [-0.0829346758666793, 51.533879097589], [-0.0828932363018055, 51.5348996426863], [-0.0864107468028557, 51.5349076787044], [-0.086563501262051, 51.5361086105892], [-0.0878464096457349, 51.5357366950855], [-0.0891279019373168, 51.5353701643253], [-0.0896776712186458, 51.5360025186977], [-0.0888358200992869, 51.536442378956], [-0.0865915367288751, 51.537257408579], [-0.0865517447832778, 51.5374046000799], [-0.0861498069325446, 51.5383545439081], [-0.0858220890233768, 51.5392889018229], [-0.0857423894844388, 51.5395273573985], [-0.0856250580294151, 51.539882565212], [-0.0853448444720137, 51.5406858555523], [-0.0847582196640697, 51.5406135746306], [-0.0848471700962393, 51.5402859834454], [-0.0834684486280408, 51.5404292306829], [-0.0836110897592873, 51.5396320388809], [-0.0827181094203409, 51.5405245971964], [-0.0827279610190962, 51.5397044597849], [-0.0822746087852907, 51.539679099757], [-0.0817608416652725, 51.5396500613761], [-0.0812397217877511, 51.5406312410676], [-0.080705872497232, 51.5405845527902]]]}}, {"type": "Feature", "properties": {"code": "E02000370", "name": "Hoxton North & West"}, "geometry": {"type": "Polygon", "coordinates": [[[-0.086563501262051, 51.5361086105892], [-0.0864107468028557, 51.5349076787044], [-0.0828932363018055, 51.5348996426863], [-0.0829346758666793, 51.533879097589], [-0.0829672379589438, 51.5336347794426], [-0.0830365224811338, 51.5325769781215], [-0.0830291752576219, 51.5325160118788], [-0.0829946416908284, 51.53196618527], [-0.0834471409560615, 51.5318922604828], [-0.0838451303510282, 51.5312213824224], [-0.084032797907973, 51.5312244521028], [-0.0842968946093315, 51.5310061582707], [-0.08540577975025, 51.5310492911402], [-0.0855640900202978, 51.5317458765834], [-0.0855774657469179, 51.5322182726952], [-0.0862382983510831, 51.5321449109026], [-0.0859703617283884, 51.5317219814448], [-0.0865479319393592, 51.5316810076196], [-0.0868109563302384, 51.5320884871705], [-0.0879730663237112, 51.5320113812896], [-0.0878580001340743, 51.5322203102688], [-0.0881906037030031, 51.5326034906547], [-0.0885915146087479, 51.5323952752981], [-0.0884649876282964, 51.5320930097283], [-0.0889035831312509, 51.5318969858569], [-0.088515798227415, 51.5313058918668], [-0.0880357644450909, 51.5314898132327], [-0.0878150842765436, 51.5310367958166], [-0.0865622744998124, 51.5311889653639], [-0.0867497598452769, 51.530780485498], [-0.0881882253191199, 51.5305940674779], [-0.0880072416609071, 51.5301337842982], [-0.0877506262484753, 51.5298396115805], [-0.0888159034909861, 51.5296355861063], [-0.0889462563201198, 51.5300174629026], [-0.0895615216641045, 51.5299230605694], [-0.0899312572438283, 51.5299318109213], [-0.0906756911844075, 51.5298101014428], [-0.0911914699213334, 51.5296667414563], [-0.09102087999887, 51.5291910295592], [-0.0903835583303147, 51.5292615825097], [-0.0902574323283967, 51.5284861576661], [-0.0906386830210384, 51.5279887786352], [-0.0919100581299209, 51.5283050254895], [-0.0927403263464047, 51.5285181258364], [-0.0953809435939597, 51.5291954536034], [-0.0951684623262829, 51.5295762501302], [-0.0950712433329881, 51.5299866115309], [-0.0952314954100601, 51.5303420247916], [-0.095408601360383, 51.5306488976186], [-0.0957784079636477, 51.5311825174563], [-0.0957858666274215, 51.5311932185189], [-0.0957971590789478, 51.5312093756745], [-0.0959246204118274, 51.5313947081759], [-0.0970072290603328, 51.5329832090252], [-0.096099577933424, 51.5332472278369], [-0.0951497338228233, 51.5335888854238], [-0.0942014841986087, 51.533951045533], [-0.0941830342293515, 51.5339577957402], [-0.0938726343990067, 51.5340763335701], [-0.0912124267495862, 51.535301688301], [-0.0901055892997234, 51.5358148305347], [-0.0896776712186458, 51.5360025186977], [-0.0891279019373168, 51.5353701643253], [-0.0878464096457349, 51.5357366950855], [-0.086563501262051, 51.5361086105892]]]}}, {"type": "Feature", "properties": {"code": "E02000864", "name": "Bow North & Fish Island"}, "geometry": {"type": "Polygon", "coordinates": [[[-0.0298201338892756, 51.5431348362655], [-0.0290615262260959, 51.5422865410549], [-0.0273089709246049, 51.5426561657805], [-0.0269264249987779, 51.5427673115272], [-0.0266070955604169, 51.5428630796777], [-0.0256005532390455, 51.543292978259], [-0.0193591428309897, 51.5435435483435], [-0.0164763273155589, 51.5432813477384], [-0.0163572723373725, 51.5428700554733], [-0.0163794923587868, 51.5417851545517], [-0.0165864064710177, 51.541307991178], [-0.0175634011739468, 51.5409770224542], [-0.0178124226326826, 51.5401620458986], [-0.0185214772702961, 51.5396180337416], [-0.0189857575983432, 51.5391039561576], [-0.0205786729097463, 51.5394222811238], [-0.0212000176135631, 51.5400249327398], [-0.0216594234515933, 51.5398038445342], [-0.0216968290599946, 51.5392739042802], [-0.0236258298816425, 51.5383531583745], [-0.0241099403857239, 51.5391616567969], [-0.0251556245227087, 51.5386576699974], [-0.0255867206112602, 51.5380264368153], [-0.0249467237617484, 51.537629984755], [-0.0236912344516025, 51.5365107433387], [-0.0238576467653797, 51.536089816221], [-0.0251979368984276, 51.5357014698498], [-0.0254766645856478, 51.5361335898608], [-0.0265374584574457, 51.536026658134], [-0.0258031490979466, 51.5349315469638], [-0.0254476280532097, 51.5344564729765], [-0.0252627562661531, 51.5342257223343], [-0.0251123349522568, 51.5340432301932], [-0.0248163561416118, 51.5336659270194], [-0.0244187735196791, 51.5327013078309], [-0.0255637427377909, 51.5322119436834], [-0.0257702006633016, 51.5321213178677], [-0.0263547727609064, 51.5318109078769], [-0.0259401181860871, 51.5315749834776], [-0.0264114799983493, 51.5313287497658], [-0.0284148604016078, 51.532205531555], [-0.029004180073418, 51.5320227762752], [-0.02862307428661, 51.5314829604874], [-0.0287117717059523, 51.5314206468283], [-0.0288213760602338, 51.5305808821126], [-0.0294404660382231, 51.5303128889564], [-0.0290912631070396, 51.530146103712], [-0.0300092758498152, 51.5295748392856], [-0.0304795617941195, 51.5300917587111], [-0.0308894737895768, 51.5305937607675], [-0.0320679479456939, 51.5321054263295], [-0.0321735733795584, 51.5322599186873], [-0.0322356032945637, 51.532381066697], [-0.0326166841425889, 51.5329665220116], [-0.0330447951863676, 51.5335742227855], [-0.0334819407530695, 51.534166338041], [-0.0340470850471608, 51.5349481569238], [-0.0337693975834036, 51.5350283731366], [-0.0336349745510299, 51.5350665217842], [-0.034057040000745, 51.5357125583549], [-0.0345874196368437, 51.5363244147327], [-0.0371598235799385, 51.5379856689562], [-0.0407094478375987, 51.5381015700102], [-0.0396672323043594, 51.539080076089], [-0.0373363502786367, 51.541232431493], [-0.0371418078788218, 51.5414202804049], [-0.037735888846978, 51.541795257124], [-0.0357231104952492, 51.5430062260646], [-0.033036601299215, 51.5446429374621], [-0.0311220582742157, 51.5434812713903], [-0.0298201338892756, 51.5431348362655]]]}}, {"type": "Feature", "properties": {"code": "E02000865", "name": "Bethnal Green North East"}, "geometry": {"type": "Polygon", "coordinates": [[[-0.0447199582042927, 51.531692057966], [-0.0453551403878951, 51.5314424180491], [-0.0478467986061552, 51.5310600900032], [-0.0513811269233819, 51.5305671080737], [-0.0515043932889402, 51.5305316931784], [-0.0521894991643112, 51.5303334817971], [-0.0534603620177722, 51.5300058887411], [-0.0538280178449932, 51.5298990767457], [-0.0551331551066267, 51.5295133588329], [-0.0558317168594516, 51.5293193340981], [-0.0568613950895762, 51.5293638626232], [-0.0561456329319214, 51.5289105756831], [-0.056924434001327, 51.5280229292609], [-0.0577905999609503, 51.5279830646779], [-0.0577229090714881, 51.5274637674353], [-0.0592309248748776, 51.5274258790616], [-0.059251104209253, 51.527813259701], [-0.0583984973642964, 51.5278696631393], [-0.059286912612071, 51.5298927127159], [-0.0598871813331665, 51.5296778405012], [-0.060224437742822, 51.5302229740873], [-0.0603405617798438, 51.5306185250734], [-0.0603526903640866, 51.5317724004769], [-0.0595810981173126, 51.5317449590272], [-0.0597329141773336, 51.5320208898547], [-0.0598248928680955, 51.5321587390944], [-0.0588355664100991, 51.5333833190236], [-0.0585170428867028, 51.5340244599362], [-0.0588247324368148, 51.534105094875], [-0.0572991209816932, 51.5344190748118], [-0.0572726713523019, 51.5344276558615], [-0.0562450070389864, 51.534798194079], [-0.0541397319000314, 51.5351167221074], [-0.0528135720964294, 51.5348896888436], [-0.0525324765050698, 51.5348034512431], [-0.0494107421730469, 51.5337624303282], [-0.0477260632540741, 51.5332037436806], [-0.0445007237122055, 51.5318613242151], [-0.0444808352131264, 51.5318501568882], [-0.0447199582042927, 51.531692057966]]]}}, {"type": "Feature", "properties": {"code": "E02000866", "name": "Bow West"}, "geometry": {"type": "Polygon", "coordinates": [[[-0.034057040000745, 51.5357125583549], [-0.0336349745510299, 51.5350665217842], [-0.0337693975834036, 51.5350283731366], [-0.0340470850471608, 51.5349481569238], [-0.0334819407530695, 51.534166338041], [-0.0330447951863676, 51.5335742227855], [-0.0326166841425889, 51.5329665220116], [-0.0322356032945637, 51.532381066697], [-0.0321735733795584, 51.5322599186873], [-0.0320679479456939, 51.5321054263295], [-0.0308894737895768, 51.5305937607675], [-0.0304795617941195, 51.5300917587111], [-0.030884306716225, 51.5300247361271], [-0.0323928882735529, 51.5297975329673], [-0.030812873448007, 51.5279160200966], [-0.0307403516856385, 51.5278115679467], [-0.0311235827810859, 51.5274064200791], [-0.0306104248882363, 51.5265291004857], [-0.0300327117762654, 51.5265667032316], [-0.0298016140976579, 51.5261653853236], [-0.0301593685909093, 51.5260852286039], [-0.0305633543561625, 51.5259944113815], [-0.0339587249462841, 51.5252291680152], [-0.0344615705097523, 51.5251024446581], [-0.0348945140404595, 51.5249957554982], [-0.0370684008180344, 51.5242381722242], [-0.0397372272149919, 51.5269970353562], [-0.0397848105717896, 51.5270698599161], [-0.0399388865325445, 51.5273060374705], [-0.039998025723591, 51.5273965778761], [-0.0404092705638283, 51.5280044378426], [-0.0410236047796069, 51.5288332091318], [-0.0415566441525645, 51.529499136524], [-0.0422021870931525, 51.5303875108596], [-0.0439840311349352, 51.5316158521969], [-0.0444808352131264, 51.5318501568882], [-0.0445007237122055, 51.5318613242151], [-0.0477260632540741, 51.5332037436806], [-0.0494107421730469, 51.5337624303282], [-0.0525324765050698, 51.5348034512431], [-0.0528135720964294, 51.5348896888436], [-0.0525564248910937, 51.5357204741482], [-0.0515950803679376, 51.5363244002977], [-0.0502224918784304, 51.5364533925996], [-0.0488695931770427, 51.5359875305629], [-0.0468957826407667, 51.5354905486722], [-0.0448345730292455, 51.5358086556735], [-0.0434240968088273, 51.536510992319], [-0.0420872983551144, 51.5371245035084], [-0.0407094478375987, 51.5381015700102], [-0.0371598235799385, 51.5379856689562], [-0.0345874196368437, 51.5363244147327], [-0.034057040000745, 51.5357125583549]]]}}, {"type": "Feature", "properties": {"code": "E02000867", "name": "Bow South"}, "geometry": {"type": "Polygon", "coordinates": [[[-0.0189857575983432, 51.5391039561576], [-0.0194805862120745, 51.5382351254123], [-0.0211204097629358, 51.5373532384748], [-0.0211409764530471, 51.5367426212037], [-0.0210144046361152, 51.5364518827675], [-0.0196420482537177, 51.5355124852874], [-0.0186827840281045, 51.5338655918073], [-0.0180384664597889, 51.5333417851188], [-0.0182059121656415, 51.5324539216957], [-0.0176370618985956, 51.5316709317914], [-0.0154314030424773, 51.5306341900898], [-0.0136195992968401, 51.5298413807758], [-0.0137079901003501, 51.5298100931522], [-0.0142626304345443, 51.5296151405449], [-0.0143675248931112, 51.5295782019092], [-0.0155687391671819, 51.5290589231284], [-0.0159747998005985, 51.5288527699865], [-0.0163791399377658, 51.5287020911843], [-0.0178035562543594, 51.5283171232131], [-0.0190327002014491, 51.5281384722202], [-0.0194734830935379, 51.5280956760136], [-0.0210067212369921, 51.5279294421205], [-0.0226737771997672, 51.5276625138981], [-0.0240468043854874, 51.5273767173479], [-0.0255120965498145, 51.5270739302639], [-0.0257140693236199, 51.5270301155997], [-0.0268834110747447, 51.5267767758795], [-0.0279533098345578, 51.526544676608], [-0.0298016140976579, 51.5261653853236], [-0.0300327117762654, 51.5265667032316], [-0.0306104248882363, 51.5265291004857], [-0.0311235827810859, 51.5274064200791], [-0.0307403516856385, 51.5278115679467], [-0.030812873448007, 51.5279160200966], [-0.0323928882735529, 51.5297975329673], [-0.030884306716225, 51.5300247361271], [-0.0304795617941195, 51.5300917587111], [-0.0300092758498152, 51.5295748392856], [-0.0290912631070396, 51.530146103712], [-0.0294404660382231, 51.5303128889564], [-0.0288213760602338, 51.5305808821126], [-0.0287117717059523, 51.5314206468283], [-0.02862307428661, 51.5314829604874], [-0.029004180073418, 51.5320227762752], [-0.0284148604016078, 51.532205531555], [-0.0264114799983493, 51.5313287497658], [-0.0259401181860871, 51.5315749834776], [-0.0263547727609064, 51.5318109078769], [-0.0257702006633016, 51.5321213178677], [-0.0255637427377909, 51.5322119436834], [-0.0244187735196791, 51.5327013078309], [-0.0248163561416118, 51.5336659270194], [-0.0251123349522568, 51.5340432301932], [-0.0252627562661531, 51.5342257223343], [-0.0254476280532097, 51.5344564729765], [-0.0258031490979466, 51.5349315469638], [-0.0265374584574457, 51.536026658134], [-0.0254766645856478, 51.5361335898608], [-0.0251979368984276, 51.5357014698498], [-0.0238576467653797, 51.536089816221], [-0.0236912344516025, 51.5365107433387], [-0.0249467237617484, 51.537629984755], [-0.0255867206112602, 51.5380264368153], [-0.0251556245227087, 51.5386576699974], [-0.0241099403857239, 51.5391616567969], [-0.0236258298816425, 51.5383531583745], [-0.0216968290599946, 51.5392739042802], [-0.0216594234515933, 51.5398038445342], [-0.0212000176135631, 51.5400249327398], [-0.0205786729097463, 51.5394222811238], [-0.0189857575983432, 51.5391039561576]]]}}, {"type": "Feature", "properties": {"code": "E02000868", "name": "Bethnal Green North West"}, "geometry": {"type": "Polygon", "coordinates": [[[-0.0604328032619051, 51.5343286860735], [-0.0593685957972566, 51.534098204194], [-0.0588247324368148, 51.534105094875], [-0.0585170428867028, 51.5340244599362], [-0.0588355664100991, 51.5333833190236], [-0.0598248928680955, 51.5321587390944], [-0.0597329141773336, 51.5320208898547], [-0.0595810981173126, 51.5317449590272], [-0.0603526903640866, 51.5317724004769], [-0.0603405617798438, 51.5306185250734], [-0.060224437742822, 51.5302229740873], [-0.0598871813331665, 51.5296778405012], [-0.059286912612071, 51.5298927127159], [-0.0583984973642964, 51.5278696631393], [-0.059251104209253, 51.527813259701], [-0.0592309248748776, 51.5274258790616], [-0.0577229090714881, 51.5274637674353], [-0.0577905999609503, 51.5279830646779], [-0.056924434001327, 51.5280229292609], [-0.0561456329319214, 51.5289105756831], [-0.0568613950895762, 51.5293638626232], [-0.0558317168594516, 51.5293193340981], [-0.0553682146151391, 51.5275413990751], [-0.055712931655949, 51.5274949270078], [-0.059161210661093, 51.5270632705888], [-0.0609582682153627, 51.5268642716411], [-0.0646095517803235, 51.5264576575752], [-0.0647883311003285, 51.5270352373956], [-0.0649672215932601, 51.5275769278426], [-0.0651870792573891, 51.5283194790749], [-0.0649943591279951, 51.5284018243147], [-0.0654935608757188, 51.5300212549833], [-0.0659045400170405, 51.5310697988302], [-0.0662867998752833, 51.5312281581069], [-0.0660548906450194, 51.531682214071], [-0.0658924444262877, 51.5319778605716], [-0.0656414888266564, 51.5323929012623], [-0.0651134828304251, 51.5332171088095], [-0.0649557877312098, 51.5329048726988], [-0.0645795237776845, 51.5329409413428], [-0.063059965944483, 51.5331112024603], [-0.0622213363638149, 51.5332673528675], [-0.0626743590118945, 51.5340641477597], [-0.0627147057364212, 51.5341913809677], [-0.0624446571928337, 51.5355176065843], [-0.0604328032619051, 51.5343286860735]]]}}, {"type": "Feature", "properties": {"code": "E02000869", "name": "Columbia Road"}, "geometry": {"type": "Polygon", "coordinates": [[[-0.0654935608757188, 51.5300212549833], [-0.0649943591279951, 51.5284018243147], [-0.0651870792573891, 51.5283194790749], [-0.0655791675964524, 51.5287288164704], [-0.0672898925392105, 51.5285052562049], [-0.0675732829255205, 51.52846807911], [-0.0681877094011622, 51.5284121516687], [-0.0680228748589118, 51.5278788769048], [-0.0687217572804406, 51.5278377202787], [-0.0693159908420392, 51.5278107249981], [-0.0693369555098854, 51.5281706626968], [-0.0711662435836466, 51.5282094329625], [-0.0717461968443879, 51.5279591217833], [-0.0710410717891501, 51.527790865656], [-0.0711345266799481, 51.5269139874794], [-0.0709117452457563, 51.5267305685268], [-0.0704970635238743, 51.5262866848298], [-0.0692068299156475, 51.5257941466433], [-0.069545372878741, 51.5253928376329], [-0.0704415650718668, 51.525455510513], [-0.0723915692889835, 51.5247504628172], [-0.0727148132841536, 51.5247005013824], [-0.0728566314909187, 51.5250538812382], [-0.0734741996480106, 51.5266965857934], [-0.0742719444530254, 51.5264955769629], [-0.0741465068560398, 51.5262746186726], [-0.0737337478998437, 51.526388235656], [-0.0736800209228292, 51.5255360995322], [-0.0739072768084491, 51.5252951263442], [-0.0745792485153426, 51.5253521666101], [-0.074773025581616, 51.5257598289103], [-0.0751776740980613, 51.5255389371562], [-0.0755656828636792, 51.525772497919], [-0.0765397246030977, 51.5253796296165], [-0.0765696498056869, 51.5256726419945], [-0.0762906715938055, 51.527141510992], [-0.0772264561545501, 51.5272984821152], [-0.0765545757228396, 51.527717830726], [-0.0764778816720538, 51.5277695802533], [-0.0756946175612806, 51.5283649342879], [-0.075675999255716, 51.5283785993562], [-0.0748523579673615, 51.5294884050959], [-0.0739533701992963, 51.5302457564159], [-0.0718050496071406, 51.5308930031951], [-0.0713787978258453, 51.53094404207], [-0.0672821615462882, 51.5311411121577], [-0.0662867998752833, 51.5312281581069], [-0.0659045400170405, 51.5310697988302], [-0.0654935608757188, 51.5300212549833]]]}}, {"type": "Feature", "properties": {"code": "E02000870", "name": "Bethnal Green East"}, "geometry": {"type": "Polygon", "coordinates": [[[-0.0463370035655046, 51.5306308813843], [-0.0471397218534813, 51.5299780020468], [-0.0478331250813577, 51.5301164437755], [-0.0476811768001218, 51.5295188893483], [-0.0473719485467872, 51.5290204508909], [-0.0473452956504448, 51.5290274083772], [-0.0467430280652238, 51.5285114761273], [-0.0463977316432011, 51.5286381134137], [-0.0466723236464142, 51.5291976539694], [-0.0461885341820828, 51.5290279341546], [-0.0452704137176584, 51.5294374656729], [-0.0448559099783701, 51.5296231110281], [-0.0434141007145269, 51.528475209022], [-0.0433971107142978, 51.5284234298399], [-0.0433154256173506, 51.5281642240931], [-0.0431587688569548, 51.5275216378357], [-0.0435656113295915, 51.5270222191988], [-0.043518997667837, 51.5268949166591], [-0.0445209402299848, 51.5267279682928], [-0.0461219219015571, 51.5264612676523], [-0.0461498131209604, 51.52618874496], [-0.0457169446690475, 51.5262691073753], [-0.0442167832701811, 51.5246118206503], [-0.0444833706365197, 51.5244311147591], [-0.0438021554142993, 51.5238442356203], [-0.0441636197385525, 51.5236713708713], [-0.0466655691375594, 51.5229187732995], [-0.046910957621423, 51.5231441784716], [-0.0471119241587753, 51.5228007468318], [-0.0471160963702212, 51.5227995932744], [-0.0475469638213227, 51.5232855184977], [-0.0476539892193465, 51.5234066845094], [-0.0489166537234421, 51.524885999664], [-0.0491409466466584, 51.5250926994857], [-0.05071099565444, 51.5271012000939], [-0.0507919301968432, 51.5272608126106], [-0.051034338455508, 51.5277192193044], [-0.0511304029025671, 51.5278998545351], [-0.0533245297198994, 51.527578855563], [-0.0552876554989317, 51.5273197042091], [-0.0553682146151391, 51.5275413990751], [-0.0558317168594516, 51.5293193340981], [-0.0551331551066267, 51.5295133588329], [-0.0538280178449932, 51.5298990767457], [-0.0534603620177722, 51.5300058887411], [-0.0521894991643112, 51.5303334817971], [-0.0515043932889402, 51.5305316931784], [-0.0513811269233819, 51.5305671080737], [-0.0478467986061552, 51.5310600900032], [-0.0453551403878951, 51.5314424180491], [-0.0463370035655046, 51.5306308813843]]]}}, {"type": "Feature", "properties": {"code": "E02000871", "name": "Bromley-by-Bow East"}, "geometry": {"type": "Polygon", "coordinates": [[[-0.00794134041862677, 51.5246753040735], [-0.00802301499207023, 51.5242099063311], [-0.00809516749254679, 51.5237393289105], [-0.00905387055729511, 51.5223761948383], [-0.0113368275299105, 51.5208604916527], [-0.0118497824624471, 51.5205764549893], [-0.0134726854853586, 51.5199410669041], [-0.0138262179378521, 51.5197867117538], [-0.014187957812067, 51.52003174278], [-0.0154131724888712, 51.520866264597], [-0.0160035137976442, 51.5218284519823], [-0.0160647470770649, 51.5220574334869], [-0.0162452776852452, 51.521792987315], [-0.017716503314742, 51.5221304881377], [-0.0180795867509418, 51.5223556767446], [-0.018560707883179, 51.5219236510871], [-0.0188572576631926, 51.5215684706144], [-0.0189870422933419, 51.5213147187175], [-0.0200649896215434, 51.5211860661093], [-0.0194606337799437, 51.5221631285001], [-0.0188375279125182, 51.5222920178353], [-0.0192772343366733, 51.5229917005787], [-0.018649508866035, 51.5230308536439], [-0.0192632122718673, 51.524173901763], [-0.0194789657651023, 51.5245366899118], [-0.0187577204647321, 51.5245206920274], [-0.0188476601218614, 51.5246621461575], [-0.019622115340945, 51.5259949046528], [-0.0197590117252513, 51.5262026812094], [-0.020180893140287, 51.5268399195334], [-0.0210067212369921, 51.5279294421205], [-0.0194734830935379, 51.5280956760136], [-0.0190327002014491, 51.5281384722202], [-0.0178035562543594, 51.5283171232131], [-0.0163791399377658, 51.5287020911843], [-0.0159747998005985, 51.5288527699865], [-0.0155687391671819, 51.5290589231284], [-0.0143675248931112, 51.5295782019092], [-0.0142626304345443, 51.5296151405449], [-0.0137079901003501, 51.5298100931522], [-0.0136195992968401, 51.5298413807758], [-0.01358838807962, 51.5298322428166], [-0.0105489990427336, 51.5291725053783], [-0.0103396783365526, 51.5286211919394], [-0.0100658335480485, 51.5283798348303], [-0.00836818679514025, 51.527210451645], [-0.00740533478252014, 51.5261468352316], [-0.00757845807040032, 51.5254090087896], [-0.00794134041862677, 51.5246753040735]]]}}, {"type": "Feature", "properties": {"code": "E02000872", "name": "Brick Lane North"}, "geometry": {"type": "Polygon", "coordinates": [[[-0.0651870792573891, 51.5283194790749], [-0.0649672215932601, 51.5275769278426], [-0.0647883311003285, 51.5270352373956], [-0.0646095517803235, 51.5264576575752], [-0.0646056896697651, 51.526443283119], [-0.0645272751453246, 51.5261692309719], [-0.0642764823107102, 51.5253393666996], [-0.0639332595771783, 51.5237953684929], [-0.0640731620716546, 51.5232477654287], [-0.0643385736440854, 51.5220325328589], [-0.0642823926891613, 51.5215388115889], [-0.066680537508703, 51.5216296868879], [-0.0677114908249444, 51.5217003309789], [-0.0690459002377601, 51.521791165069], [-0.0714399721380891, 51.5219770536129], [-0.0716890380093702, 51.5219984866267], [-0.0741008415484703, 51.5221227644061], [-0.076161659066906, 51.5221530971378], [-0.0757241763761244, 51.5233268179205], [-0.0759226484046269, 51.5243203560773], [-0.0764157407407271, 51.5242888697972], [-0.0764488603322573, 51.5245735283854], [-0.0764612606477084, 51.5246867753928], [-0.0765397246030977, 51.5253796296165], [-0.0755656828636792, 51.525772497919], [-0.0751776740980613, 51.5255389371562], [-0.074773025581616, 51.5257598289103], [-0.0745792485153426, 51.5253521666101], [-0.0739072768084491, 51.5252951263442], [-0.0736800209228292, 51.5255360995322], [-0.0737337478998437, 51.526388235656], [-0.0741465068560398, 51.5262746186726], [-0.0742719444530254, 51.5264955769629], [-0.0734741996480106, 51.5266965857934], [-0.0728566314909187, 51.5250538812382], [-0.0727148132841536, 51.5247005013824], [-0.0723915692889835, 51.5247504628172], [-0.0704415650718668, 51.525455510513], [-0.069545372878741, 51.5253928376329], [-0.0692068299156475, 51.5257941466433], [-0.0704970635238743, 51.5262866848298], [-0.0709117452457563, 51.5267305685268], [-0.0711345266799481, 51.5269139874794], [-0.0710410717891501, 51.527790865656], [-0.0717461968443879, 51.5279591217833], [-0.0711662435836466, 51.5282094329625], [-0.0693369555098854, 51.5281706626968], [-0.0693159908420392, 51.5278107249981], [-0.0687217572804406, 51.5278377202787], [-0.0680228748589118, 51.5278788769048], [-0.0681877094011622, 51.5284121516687], [-0.0675732829255205, 51.52846807911], [-0.0672898925392105, 51.5285052562049], [-0.0655791675964524, 51.5287288164704], [-0.0651870792573891, 51.5283194790749]]]}}, {"type": "Feature", "properties": {"code": "E02000873", "name": "Mile End West"}, "geometry": {"type": "Polygon", "coordinates": [[[-0.0422021870931525, 51.5303875108596], [-0.0415566441525645, 51.529499136524], [-0.0410236047796069, 51.5288332091318], [-0.0404092705638283, 51.5280044378426], [-0.039998025723591, 51.5273965778761], [-0.0399388865325445, 51.5273060374705], [-0.0397848105717896, 51.5270698599161], [-0.0397372272149919, 51.5269970353562], [-0.0370684008180344, 51.5242381722242], [-0.0365186819653893, 51.5229254725503], [-0.0364765129883092, 51.5219680677895], [-0.0364416067439422, 51.521466549046], [-0.038449219909836, 51.5212805627238], [-0.0390170523961277, 51.5211797789014], [-0.0402174669890353, 51.5209312407035], [-0.0412519309791568, 51.520716032063], [-0.0423880190909796, 51.5204821148053], [-0.0440574889999027, 51.5201870043814], [-0.0449200711048645, 51.5209762265031], [-0.04585686218883, 51.5219465109224], [-0.0462025298006203, 51.5218735196715], [-0.0471160963702212, 51.5227995932744], [-0.0471119241587753, 51.5228007468318], [-0.046910957621423, 51.5231441784716], [-0.0466655691375594, 51.5229187732995], [-0.0441636197385525, 51.5236713708713], [-0.0438021554142993, 51.5238442356203], [-0.0444833706365197, 51.5244311147591], [-0.0442167832701811, 51.5246118206503], [-0.0457169446690475, 51.5262691073753], [-0.0461498131209604, 51.52618874496], [-0.0461219219015571, 51.5264612676523], [-0.0445209402299848, 51.5267279682928], [-0.043518997667837, 51.5268949166591], [-0.0435656113295915, 51.5270222191988], [-0.0431587688569548, 51.5275216378357], [-0.0433154256173506, 51.5281642240931], [-0.0433971107142978, 51.5284234298399], [-0.0434141007145269, 51.528475209022], [-0.0448559099783701, 51.5296231110281], [-0.0452704137176584, 51.5294374656729], [-0.0461885341820828, 51.5290279341546], [-0.0466723236464142, 51.5291976539694], [-0.0463977316432011, 51.5286381134137], [-0.0467430280652238, 51.5285114761273], [-0.0473452956504448, 51.5290274083772], [-0.0473719485467872, 51.5290204508909], [-0.0476811768001218, 51.5295188893483], [-0.0478331250813577, 51.5301164437755], [-0.0471397218534813, 51.5299780020468], [-0.0463370035655046, 51.5306308813843], [-0.0453551403878951, 51.5314424180491], [-0.0447199582042927, 51.531692057966], [-0.0444808352131264, 51.5318501568882], [-0.0439840311349352, 51.5316158521969], [-0.0422021870931525, 51.5303875108596]]]}}, {"type": "Feature", "properties": {"code": "E02000874", "name": "Bethnal Green Central"}, "geometry": {"type": "Polygon", "coordinates": [[[-0.0507919301968432, 51.5272608126106], [-0.05071099565444, 51.5271012000939], [-0.0491409466466584, 51.5250926994857], [-0.0489166537234421, 51.524885999664], [-0.0476539892193465, 51.5234066845094], [-0.0475469638213227, 51.5232855184977], [-0.0471160963702212, 51.5227995932744], [-0.0462025298006203, 51.5218735196715], [-0.0483771254676266, 51.5214396272038], [-0.0490169596397536, 51.5213068409599], [-0.0491886447268073, 51.522445838692], [-0.050023047402338, 51.5223791067056], [-0.0500583406909487, 51.5227619309811], [-0.0510070737292539, 51.5224514959034], [-0.0514559466455633, 51.5228046599841], [-0.0526730961503274, 51.5222818367902], [-0.0533141928091858, 51.5225814190255], [-0.052917066192169, 51.5228221080849], [-0.0543113877639789, 51.5227982711555], [-0.053853093845808, 51.522419717598], [-0.0548220113954654, 51.5222604756587], [-0.0551424553280865, 51.5226214776491], [-0.0551201413347365, 51.522683327009], [-0.0558629313706625, 51.5228347565833], [-0.0581478917738474, 51.5228047131554], [-0.0565399991358985, 51.5233017695182], [-0.0565012500444163, 51.5238735953526], [-0.0564880084060857, 51.5245227487978], [-0.0584477230351517, 51.5242045247478], [-0.0585658189550907, 51.5246109869835], [-0.0588513494184797, 51.5255601028805], [-0.0582413118492504, 51.5257787104635], [-0.0583522631109759, 51.5261857515071], [-0.0578568298649576, 51.5262390674517], [-0.0577677451485273, 51.5264744804866], [-0.0569210769430126, 51.5265754394348], [-0.0569104459829182, 51.5271542818052], [-0.056350154512528, 51.5269839332971], [-0.055712931655949, 51.5274949270078], [-0.0553682146151391, 51.5275413990751], [-0.0552876554989317, 51.5273197042091], [-0.0533245297198994, 51.527578855563], [-0.0511304029025671, 51.5278998545351], [-0.051034338455508, 51.5277192193044], [-0.0507919301968432, 51.5272608126106]]]}}, {"type": "Feature", "properties": {"code": "E02000875", "name": "Bromley-by-Bow West"}, "geometry": {"type": "Polygon", "coordinates": [[[-0.0188476601218614, 51.5246621461575], [-0.0187577204647321, 51.5245206920274], [-0.0194789657651023, 51.5245366899118], [-0.0192632122718673, 51.524173901763], [-0.018649508866035, 51.5230308536439], [-0.0192772343366733, 51.5229917005787], [-0.0188375279125182, 51.5222920178353], [-0.0194606337799437, 51.5221631285001], [-0.0200649896215434, 51.5211860661093], [-0.0189870422933419, 51.5213147187175], [-0.0188572576631926, 51.5215684706144], [-0.018560707883179, 51.5219236510871], [-0.0180795867509418, 51.5223556767446], [-0.017716503314742, 51.5221304881377], [-0.0162452776852452, 51.521792987315], [-0.0160647470770649, 51.5220574334869], [-0.0160035137976442, 51.5218284519823], [-0.0154131724888712, 51.520866264597], [-0.014187957812067, 51.52003174278], [-0.0138262179378521, 51.5197867117538], [-0.0142288971126702, 51.5196132415947], [-0.0153722202251023, 51.5191285765357], [-0.0165989654041159, 51.5186272750074], [-0.0184657287137822, 51.5178642366388], [-0.0196401923192781, 51.5173843988284], [-0.0198613391444608, 51.5172940234954], [-0.020814055632712, 51.5169103559639], [-0.0212697539043698, 51.5167323854013], [-0.0216173086129593, 51.5165966482259], [-0.0219795200026377, 51.5168700587624], [-0.0224441689887848, 51.5174252386753], [-0.0227106007132155, 51.5178362303034], [-0.0231154447108507, 51.5185215306931], [-0.0240865278168783, 51.5194929947726], [-0.0247438949648034, 51.5197714412713], [-0.0257574949439638, 51.5201196658244], [-0.0268305906587632, 51.5206279459936], [-0.0270585102754863, 51.520688116936], [-0.0273536392187112, 51.5207564673645], [-0.0274716522163576, 51.5207831717868], [-0.027303905738345, 51.5213289066192], [-0.0283077032314671, 51.522784603803], [-0.0282664981757909, 51.5234044068026], [-0.0271666496892784, 51.5235028310184], [-0.025847372952952, 51.5241252643102], [-0.0252339525805254, 51.5241089190186], [-0.0252231343815412, 51.5241086309022], [-0.0252165627712245, 51.5241180076441], [-0.0249926434487156, 51.5244374829957], [-0.0260870194484454, 51.5247799790869], [-0.0269514403177861, 51.5245419701809], [-0.0278367648097277, 51.5243414192169], [-0.0285084928913294, 51.5254767881499], [-0.0287285368960002, 51.5258406722009], [-0.0287554153264532, 51.5261014288482], [-0.0278229394767889, 51.5263285688492], [-0.0279533098345578, 51.526544676608], [-0.0268834110747447, 51.5267767758795], [-0.0257140693236199, 51.5270301155997], [-0.0255120965498145, 51.5270739302639], [-0.0240468043854874, 51.5273767173479], [-0.0226737771997672, 51.5276625138981], [-0.0210067212369921, 51.5279294421205], [-0.020180893140287, 51.5268399195334], [-0.0197590117252513, 51.5262026812094], [-0.019622115340945, 51.5259949046528], [-0.0188476601218614, 51.5246621461575]]]}}, {"type": "Feature", "properties": {"code": "E02000876", "name": "Bethnal Green South"}, "geometry": {"type": "Polygon", "coordinates": [[[-0.055712931655949, 51.5274949270078], [-0.056350154512528, 51.5269839332971], [-0.0569104459829182, 51.5271542818052], [-0.0569210769430126, 51.5265754394348], [-0.0577677451485273, 51.5264744804866], [-0.0578568298649576, 51.5262390674517], [-0.0583522631109759, 51.5261857515071], [-0.0582413118492504, 51.5257787104635], [-0.0588513494184797, 51.5255601028805], [-0.0585658189550907, 51.5246109869835], [-0.0584477230351517, 51.5242045247478], [-0.0564880084060857, 51.5245227487978], [-0.0565012500444163, 51.5238735953526], [-0.0565399991358985, 51.5233017695182], [-0.0581478917738474, 51.5228047131554], [-0.0558629313706625, 51.5228347565833], [-0.0551201413347365, 51.522683327009], [-0.0551424553280865, 51.5226214776491], [-0.0548220113954654, 51.5222604756587], [-0.053853093845808, 51.522419717598], [-0.0543113877639789, 51.5227982711555], [-0.052917066192169, 51.5228221080849], [-0.0533141928091858, 51.5225814190255], [-0.0526730961503274, 51.5222818367902], [-0.0514559466455633, 51.5228046599841], [-0.0510070737292539, 51.5224514959034], [-0.0500583406909487, 51.5227619309811], [-0.050023047402338, 51.5223791067056], [-0.0491886447268073, 51.522445838692], [-0.0490169596397536, 51.5213068409599], [-0.0500427970733495, 51.5210876784745], [-0.0503173016482149, 51.5210253908933], [-0.0529585339162053, 51.5204543080544], [-0.0530606902726055, 51.5204330560333], [-0.0544912172211481, 51.5201530501048], [-0.0571952372725542, 51.5196574835963], [-0.0577388712988366, 51.5195439330976], [-0.0579997275230021, 51.5194894707046], [-0.0627252087413581, 51.5184256572462], [-0.063115359712138, 51.5191295301095], [-0.063382468450185, 51.5196642118593], [-0.063590734517248, 51.5199832456505], [-0.0642823926891613, 51.5215388115889], [-0.0643385736440854, 51.5220325328589], [-0.0640731620716546, 51.5232477654287], [-0.0639332595771783, 51.5237953684929], [-0.0642764823107102, 51.5253393666996], [-0.0645272751453246, 51.5261692309719], [-0.0646056896697651, 51.526443283119], [-0.0646095517803235, 51.5264576575752], [-0.0609582682153627, 51.5268642716411], [-0.059161210661093, 51.5270632705888], [-0.055712931655949, 51.5274949270078]]]}}, {"type": "Feature", "properties": {"code": "E02000877", "name": "Mile End East & Burdett Estate"}, "geometry": {"type": "Polygon", "coordinates": [[[-0.0285084928913294, 51.5254767881499], [-0.0278367648097277, 51.5243414192169], [-0.0269514403177861, 51.5245419701809], [-0.0260870194484454, 51.5247799790869], [-0.0249926434487156, 51.5244374829957], [-0.0252165627712245, 51.5241180076441], [-0.0252231343815412, 51.5241086309022], [-0.0252339525805254, 51.5241089190186], [-0.025847372952952, 51.5241252643102], [-0.0271666496892784, 51.5235028310184], [-0.0282664981757909, 51.5234044068026], [-0.0283077032314671, 51.522784603803], [-0.027303905738345, 51.5213289066192], [-0.0274716522163576, 51.5207831717868], [-0.0273536392187112, 51.5207564673645], [-0.0270585102754863, 51.520688116936], [-0.0268305906587632, 51.5206279459936], [-0.0257574949439638, 51.5201196658244], [-0.0247438949648034, 51.5197714412713], [-0.0240865278168783, 51.5194929947726], [-0.0231154447108507, 51.5185215306931], [-0.0227106007132155, 51.5178362303034], [-0.0224441689887848, 51.5174252386753], [-0.0219795200026377, 51.5168700587624], [-0.0216173086129593, 51.5165966482259], [-0.0219726601235979, 51.5164469864961], [-0.0227816542134235, 51.5161070821635], [-0.0243823392196269, 51.515473987985], [-0.0246883722183161, 51.5153447361928], [-0.0260608729769549, 51.5147713464673], [-0.0262873298871135, 51.5146802084987], [-0.0280247331123983, 51.5139739599525], [-0.0282297226122301, 51.5143382701236], [-0.028396024683108, 51.5146669688423], [-0.0288880272242813, 51.5156051081346], [-0.0289089330565168, 51.5156445243841], [-0.0292752553420287, 51.5163211860593], [-0.0307120689294172, 51.5160922419143], [-0.0310652194538412, 51.5160807611492], [-0.0320678398379376, 51.5160497505592], [-0.0330660720057621, 51.516025477168], [-0.0333347270618787, 51.5166072293865], [-0.0338346703988066, 51.5162731884968], [-0.0337993651872757, 51.5164747013024], [-0.0345947346506147, 51.5176327034177], [-0.0356445744084409, 51.5184522148674], [-0.0362641675311487, 51.5195129780121], [-0.0364416067439422, 51.521466549046], [-0.0364765129883092, 51.5219680677895], [-0.0365186819653893, 51.5229254725503], [-0.0370684008180344, 51.5242381722242], [-0.0348945140404595, 51.5249957554982], [-0.0344615705097523, 51.5251024446581], [-0.0339587249462841, 51.5252291680152], [-0.0305633543561625, 51.5259944113815], [-0.0301593685909093, 51.5260852286039], [-0.0298016140976579, 51.5261653853236], [-0.0279533098345578, 51.526544676608], [-0.0278229394767889, 51.5263285688492], [-0.0287554153264532, 51.5261014288482], [-0.0287285368960002, 51.5258406722009], [-0.0285084928913294, 51.5254767881499]]]}}, {"type": "Feature", "properties": {"code": "E02000878", "name": "Spitalfields"}, "geometry": {"type": "Polygon", "coordinates": [[[-0.063115359712138, 51.5191295301095], [-0.0627252087413581, 51.5184256572462], [-0.0629101100077324, 51.518382334304], [-0.0655899583236845, 51.5176565417517], [-0.0659259747759594, 51.5175653879815], [-0.0686232409312988, 51.5165023837395], [-0.0697318014499349, 51.5160149474901], [-0.07074464170051, 51.5156472040473], [-0.071920026758465, 51.5152047468505], [-0.0727991990985857, 51.514874860397], [-0.0739426850205827, 51.5144544065362], [-0.075797688356611, 51.5158304559331], [-0.0758915997245415, 51.5158964954293], [-0.0773446686757018, 51.5173975386268], [-0.0774939501696918, 51.5176513372655], [-0.0778689868025611, 51.5181895710611], [-0.0780864815200157, 51.5189663787396], [-0.079403216383504, 51.518846318459], [-0.0784451809588018, 51.5215114770664], [-0.0779929214144863, 51.5219157275661], [-0.0765357393683979, 51.522093718898], [-0.076161659066906, 51.5221530971378], [-0.0741008415484703, 51.5221227644061], [-0.0716890380093702, 51.5219984866267], [-0.0714399721380891, 51.5219770536129], [-0.0690459002377601, 51.521791165069], [-0.0677114908249444, 51.5217003309789], [-0.066680537508703, 51.5216296868879], [-0.0642823926891613, 51.5215388115889], [-0.063590734517248, 51.5199832456505], [-0.063382468450185, 51.5196642118593], [-0.063115359712138, 51.5191295301095]]]}}, {"type": "Feature", "properties": {"code": "E02000879", "name": "Stepney Green"}, "geometry": {"type": "Polygon", "coordinates": [[[-0.0449200711048645, 51.5209762265031], [-0.0440574889999027, 51.5201870043814], [-0.0423880190909796, 51.5204821148053], [-0.0425523987574553, 51.5196957921061], [-0.044053981248519, 51.5197255016315], [-0.043647678668982, 51.5189083491265], [-0.0440270206566, 51.5187163237949], [-0.0446391496114844, 51.5194518153921], [-0.0454936400519176, 51.5192088102187], [-0.0451507447348122, 51.5184880519251], [-0.045291125532894, 51.518334935799], [-0.0443781118315173, 51.5181435385259], [-0.0445140213797102, 51.516653023593], [-0.0455768263680885, 51.5167426770308], [-0.0455320050884982, 51.5162869439636], [-0.0455030625120195, 51.5155157051307], [-0.0450295357901572, 51.5154987953013], [-0.0455071903534007, 51.5149041522765], [-0.0454435084044235, 51.5148898090139], [-0.0451157593722757, 51.5149119644052], [-0.0451294548294052, 51.5145922766151], [-0.0436027248113756, 51.5145405477682], [-0.0435916114111791, 51.5142995370524], [-0.0446744942377697, 51.5142546521017], [-0.0446295917724225, 51.5139571347219], [-0.044068375358245, 51.5139625353793], [-0.0441424789141937, 51.513668449746], [-0.0435757582617686, 51.5136607886105], [-0.0436831316602263, 51.5131733180636], [-0.044316017651688, 51.5131724805477], [-0.0451155361162717, 51.5131670265747], [-0.0475527671877992, 51.5133269751754], [-0.0494509359416283, 51.5136228405468], [-0.0515479959750083, 51.5139743063419], [-0.0518247153159857, 51.5140220157465], [-0.0532170984981082, 51.5141310321707], [-0.0531725307385988, 51.5147285422673], [-0.0531606673087998, 51.5148804005656], [-0.0531069977492786, 51.5154247278091], [-0.0530150493260344, 51.516342692393], [-0.0530018308117998, 51.5164997996256], [-0.0529547127247036, 51.5171501798831], [-0.0519626260996505, 51.5170606915367], [-0.0517268073304446, 51.5170396774132], [-0.0498135785694731, 51.5168674348317], [-0.0497198413056185, 51.5177409358197], [-0.0496389729679385, 51.5184388897344], [-0.0506149378998557, 51.5188165289988], [-0.0504770142043815, 51.5193034868534], [-0.0511734565880845, 51.5193447046938], [-0.0516929739403652, 51.5193658733003], [-0.051645065301662, 51.5197774360791], [-0.0527154750417716, 51.519774424731], [-0.0528280614899811, 51.520109586683], [-0.0529585339162053, 51.5204543080544], [-0.0503173016482149, 51.5210253908933], [-0.0500427970733495, 51.5210876784745], [-0.0490169596397536, 51.5213068409599], [-0.0483771254676266, 51.5214396272038], [-0.0462025298006203, 51.5218735196715], [-0.04585686218883, 51.5219465109224], [-0.0449200711048645, 51.5209762265031]]]}}, {"type": "Feature", "properties": {"code": "E02000880", "name": "Whitechapel"}, "geometry": {"type": "Polygon", "coordinates": [[[-0.0528280614899811, 51.520109586683], [-0.0527154750417716, 51.519774424731], [-0.051645065301662, 51.5197774360791], [-0.0516929739403652, 51.5193658733003], [-0.0511734565880845, 51.5193447046938], [-0.0504770142043815, 51.5193034868534], [-0.0506149378998557, 51.5188165289988], [-0.0496389729679385, 51.5184388897344], [-0.0497198413056185, 51.5177409358197], [-0.0498135785694731, 51.5168674348317], [-0.0517268073304446, 51.5170396774132], [-0.0519626260996505, 51.5170606915367], [-0.0529547127247036, 51.5171501798831], [-0.0530018308117998, 51.5164997996256], [-0.0530150493260344, 51.516342692393], [-0.0531069977492786, 51.5154247278091], [-0.0531606673087998, 51.5148804005656], [-0.0531725307385988, 51.5147285422673], [-0.0532170984981082, 51.5141310321707], [-0.0567123853061456, 51.5144403559783], [-0.0578963496024652, 51.5145546693689], [-0.0585671478984915, 51.5145985137955], [-0.060284800067194, 51.5146905077064], [-0.0604829990935447, 51.5153265215538], [-0.0595611785753819, 51.5153709329742], [-0.0595717477240601, 51.5156039959966], [-0.0596355958421657, 51.5161709643148], [-0.0591132762879766, 51.5163455102087], [-0.0591853620141359, 51.5167351246676], [-0.0592372835948231, 51.5175927414698], [-0.0609701473322529, 51.517429875169], [-0.0608728670840831, 51.517005611068], [-0.0623777039439903, 51.516868625946], [-0.0625909339018291, 51.5177069034792], [-0.0629101100077324, 51.518382334304], [-0.0627252087413581, 51.5184256572462], [-0.0579997275230021, 51.5194894707046], [-0.0577388712988366, 51.5195439330976], [-0.0571952372725542, 51.5196574835963], [-0.0544912172211481, 51.5201530501048], [-0.0530606902726055, 51.5204330560333], [-0.0529585339162053, 51.5204543080544], [-0.0528280614899811, 51.520109586683]]]}}, {"type": "Feature", "properties": {"code": "E02000881", "name": "Poplar Leaside"}, "geometry": {"type": "Polygon", "coordinates": [[[-0.00550503934250348, 51.5163180110903], [-0.00513219001704403, 51.5162350194609], [-0.00437431823682927, 51.5164109730052], [-0.00345374955264658, 51.5176144122316], [-0.00259251148183001, 51.5177908748044], [-0.00209645256807412, 51.5175767186895], [0.000624538108827891, 51.5164018714818], [0.00171185360632969, 51.5159323543503], [0.00267281270796215, 51.5155173847204], [0.00358902457781944, 51.5145452480198], [0.00356188636295391, 51.5144913816586], [0.00355576975299287, 51.5144792420535], [0.00242273571962729, 51.5141708587694], [0.000463588064668382, 51.5131196620501], [-0.000670821589053128, 51.5127352097446], [-0.00175546612175356, 51.5125255545247], [-0.0025940743804552, 51.5123682161917], [-0.00296575213378405, 51.5130201196972], [-0.00332809672411571, 51.5133658748043], [-0.00361540207476774, 51.5145160871345], [-0.00526762991921054, 51.5149670428934], [-0.00622197861989121, 51.5152260866213], [-0.00627496383895258, 51.5148743669994], [-0.00693253676290227, 51.5147488583033], [-0.00636392635753022, 51.5141797576293], [-0.00984334855958249, 51.5136735278022], [-0.00998258461968331, 51.5139320050165], [-0.0103221433808719, 51.5138719286715], [-0.0108776566253011, 51.5138400209874], [-0.0110348614073209, 51.5142025455501], [-0.0129141752078972, 51.5138593595487], [-0.0134200444675755, 51.5137654638786], [-0.013294807435895, 51.5133316754864], [-0.0141367624220201, 51.5131930558837], [-0.0142755292925444, 51.5135645164875], [-0.0149974819319941, 51.5134329773394], [-0.0160307063807717, 51.5133635009296], [-0.0161552483438953, 51.5138387491092], [-0.0166405948932425, 51.5143138227904], [-0.0164215025075617, 51.5147836805357], [-0.0168407133462861, 51.5147452838782], [-0.0170859037135428, 51.5155438908658], [-0.0177930297573842, 51.5154336928276], [-0.0179644123107522, 51.515996475869], [-0.017054175208485, 51.5164513249534], [-0.0162568044716032, 51.5162747488478], [-0.0158152968863898, 51.5160791407414], [-0.0159548444151263, 51.5166315571613], [-0.016055054107039, 51.5171913436321], [-0.0162185764650825, 51.5179240798182], [-0.0165989654041159, 51.5186272750074], [-0.0153722202251023, 51.5191285765357], [-0.0142288971126702, 51.5196132415947], [-0.0138262179378521, 51.5197867117538], [-0.0134726854853586, 51.5199410669041], [-0.0118497824624471, 51.5205764549893], [-0.0113368275299105, 51.5208604916527], [-0.00905387055729511, 51.5223761948383], [-0.00809516749254679, 51.5237393289105], [-0.00784421574231777, 51.5231295091093], [-0.0079710927966164, 51.5228574531348], [-0.00863610343475222, 51.5218258570453], [-0.00935047814368256, 51.5218221083188], [-0.00924003077945143, 51.5206725640378], [-0.00916535605535765, 51.5198953123681], [-0.00840771126299454, 51.5194000593635], [-0.00672335046484916, 51.5182989806877], [-0.00612911106132051, 51.5168164248545], [-0.00597091740871718, 51.5164217079654], [-0.00550503934250348, 51.5163180110903]]]}}, {"type": "Feature", "properties": {"code": "E02000882", "name": "Limehouse North & Stepney East"}, "geometry": {"type": "Polygon", "coordinates": [[[-0.0364416067439422, 51.521466549046], [-0.0362641675311487, 51.5195129780121], [-0.0356445744084409, 51.5184522148674], [-0.0345947346506147, 51.5176327034177], [-0.0337993651872757, 51.5164747013024], [-0.0338346703988066, 51.5162731884968], [-0.0352902473322452, 51.5143656581425], [-0.0355224256688487, 51.5140949696037], [-0.0364290096164774, 51.512596707218], [-0.0375374266777988, 51.5126426584432], [-0.0387493421326139, 51.5126911201639], [-0.0412072760785726, 51.5128456800938], [-0.0436831316602263, 51.5131733180636], [-0.0435757582617686, 51.5136607886105], [-0.0441424789141937, 51.513668449746], [-0.044068375358245, 51.5139625353793], [-0.0446295917724225, 51.5139571347219], [-0.0446744942377697, 51.5142546521017], [-0.0435916114111791, 51.5142995370524], [-0.0436027248113756, 51.5145405477682], [-0.0451294548294052, 51.5145922766151], [-0.0451157593722757, 51.5149119644052], [-0.0454435084044235, 51.5148898090139], [-0.0455071903534007, 51.5149041522765], [-0.0450295357901572, 51.5154987953013], [-0.0455030625120195, 51.5155157051307], [-0.0455320050884982, 51.5162869439636], [-0.0455768263680885, 51.5167426770308], [-0.0445140213797102, 51.516653023593], [-0.0443781118315173, 51.5181435385259], [-0.045291125532894, 51.518334935799], [-0.0451507447348122, 51.5184880519251], [-0.0454936400519176, 51.5192088102187], [-0.0446391496114844, 51.5194518153921], [-0.0440270206566, 51.5187163237949], [-0.043647678668982, 51.5189083491265], [-0.044053981248519, 51.5197255016315], [-0.0425523987574553, 51.5196957921061], [-0.0423880190909796, 51.5204821148053], [-0.0412519309791568, 51.520716032063], [-0.0402174669890353, 51.5209312407035], [-0.0390170523961277, 51.5211797789014], [-0.038449219909836, 51.5212805627238], [-0.0364416067439422, 51.521466549046]]]}}, {"type": "Feature", "properties": {"code": "E02000883", "name": "Poplar Central"}, "geometry": {"type": "Polygon", "coordinates": [[[-0.0159548444151263, 51.5166315571613], [-0.0158152968863898, 51.5160791407414], [-0.0162568044716032, 51.5162747488478], [-0.017054175208485, 51.5164513249534], [-0.0179644123107522, 51.515996475869], [-0.0177930297573842, 51.5154336928276], [-0.0170859037135428, 51.5155438908658], [-0.0168407133462861, 51.5147452838782], [-0.0164215025075617, 51.5147836805357], [-0.0166405948932425, 51.5143138227904], [-0.0161552483438953, 51.5138387491092], [-0.0160307063807717, 51.5133635009296], [-0.0149974819319941, 51.5134329773394], [-0.0142755292925444, 51.5135645164875], [-0.0141367624220201, 51.5131930558837], [-0.013294807435895, 51.5133316754864], [-0.0134200444675755, 51.5137654638786], [-0.0129141752078972, 51.5138593595487], [-0.0110348614073209, 51.5142025455501], [-0.0108776566253011, 51.5138400209874], [-0.0103221433808719, 51.5138719286715], [-0.00998258461968331, 51.5139320050165], [-0.00984334855958249, 51.5136735278022], [-0.00636392635753022, 51.5141797576293], [-0.00693253676290227, 51.5147488583033], [-0.00627496383895258, 51.5148743669994], [-0.00622197861989121, 51.5152260866213], [-0.00526762991921054, 51.5149670428934], [-0.00361540207476774, 51.5145160871345], [-0.00332809672411571, 51.5133658748043], [-0.00296575213378405, 51.5130201196972], [-0.0025940743804552, 51.5123682161917], [-0.00333483862446692, 51.5122321511119], [-0.00429313567399024, 51.5120559824558], [-0.00773419482015804, 51.5114775895174], [-0.00962918825958878, 51.5113656463677], [-0.011218728863284, 51.5112680124006], [-0.0124680049311304, 51.5112149505485], [-0.0131446427454038, 51.5111949615493], [-0.0144958987959715, 51.5111160320059], [-0.0149112441357497, 51.5110943792371], [-0.0149981290200788, 51.5110903483727], [-0.0175352928594592, 51.5109469313897], [-0.0209454252821166, 51.5108151856928], [-0.0205579682827895, 51.5114645372131], [-0.0200097036594504, 51.5121129596263], [-0.0199860979073123, 51.5122811903925], [-0.0199975826822845, 51.5129224563165], [-0.0200461613899258, 51.5134692240871], [-0.0200696371523541, 51.5137789033517], [-0.0195565388066094, 51.5147440297498], [-0.0195858187409137, 51.5148231928668], [-0.0204512484746932, 51.5157510713127], [-0.0205575829563395, 51.5158372724913], [-0.0216173086129593, 51.5165966482259], [-0.0212697539043698, 51.5167323854013], [-0.020814055632712, 51.5169103559639], [-0.0198613391444608, 51.5172940234954], [-0.0196401923192781, 51.5173843988284], [-0.0184657287137822, 51.5178642366388], [-0.0165989654041159, 51.5186272750074], [-0.0162185764650825, 51.5179240798182], [-0.016055054107039, 51.5171913436321], [-0.0159548444151263, 51.5166315571613]]]}}, {"type": "Feature", "properties": {"code": "E02000884", "name": "Aldgate"}, "geometry": {"type": "Polygon", "coordinates": [[[-0.0625909339018291, 51.5177069034792], [-0.0623777039439903, 51.516868625946], [-0.0608728670840831, 51.517005611068], [-0.0609701473322529, 51.517429875169], [-0.0592372835948231, 51.5175927414698], [-0.0591853620141359, 51.5167351246676], [-0.0591132762879766, 51.5163455102087], [-0.0596355958421657, 51.5161709643148], [-0.0595717477240601, 51.5156039959966], [-0.0595611785753819, 51.5153709329742], [-0.0604829990935447, 51.5153265215538], [-0.060284800067194, 51.5146905077064], [-0.0618735091123311, 51.5147362455205], [-0.0614208605746989, 51.5128782620541], [-0.0610914517406946, 51.5115463004106], [-0.0620312840773554, 51.5114883448958], [-0.063416469253105, 51.5113902894747], [-0.0646136569310028, 51.5113287449987], [-0.0653735543266804, 51.5112851964231], [-0.066299630515644, 51.5112236054933], [-0.0668540961544123, 51.5111853222101], [-0.0673899216667322, 51.5111468099463], [-0.0685848903374185, 51.5110643751253], [-0.0688796967059801, 51.5110439642227], [-0.0710461625316385, 51.5109123099724], [-0.0711184559050879, 51.5109083930071], [-0.072738138527668, 51.510806269406], [-0.0730739328461447, 51.5120504140697], [-0.0731650366109644, 51.5125719811041], [-0.0734206376621901, 51.5135491136135], [-0.0739426850205827, 51.5144544065362], [-0.0727991990985857, 51.514874860397], [-0.071920026758465, 51.5152047468505], [-0.07074464170051, 51.5156472040473], [-0.0697318014499349, 51.5160149474901], [-0.0686232409312988, 51.5165023837395], [-0.0659259747759594, 51.5175653879815], [-0.0655899583236845, 51.5176565417517], [-0.0629101100077324, 51.518382334304], [-0.0625909339018291, 51.5177069034792]]]}}, {"type": "Feature", "properties": {"code": "E02000885", "name": "Shadwell North"}, "geometry": {"type": "Polygon", "coordinates": [[[-0.0475527671877992, 51.5133269751754], [-0.0451155361162717, 51.5131670265747], [-0.044316017651688, 51.5131724805477], [-0.0443165878195954, 51.5126705249275], [-0.0451343030994727, 51.5128049641028], [-0.0451012230869341, 51.5120315691474], [-0.0460369699101015, 51.5120561451068], [-0.0465857628765693, 51.5120293152356], [-0.046264689597984, 51.5114864657867], [-0.0463734882382611, 51.5114852456959], [-0.0478916062081755, 51.5113525475122], [-0.0477990845007997, 51.5111483210194], [-0.0477038382882909, 51.5109528888934], [-0.0476238498098302, 51.5107781240831], [-0.0473931093854717, 51.5102377059365], [-0.0468798272728839, 51.5099380381656], [-0.0506024912216942, 51.5097670366442], [-0.0525912305753145, 51.5097869440371], [-0.0522344349591228, 51.5100415346621], [-0.0516102594424528, 51.5098812010302], [-0.0518065067439268, 51.5106477607776], [-0.0517724371014452, 51.5107210334726], [-0.0519039515302621, 51.5120045115224], [-0.0536102295852505, 51.5118846499516], [-0.0536169361367177, 51.5120742783942], [-0.0549972829370884, 51.5120597602578], [-0.055526257753189, 51.5120534905041], [-0.0553696225885926, 51.5129620110389], [-0.0566786626556951, 51.5130360392923], [-0.0568503248952155, 51.5130175136706], [-0.0567343771628361, 51.5126475706666], [-0.0579378721027104, 51.5123966632312], [-0.0579871820926536, 51.5118099159092], [-0.0596050455120267, 51.5117394043868], [-0.0595636167806384, 51.5114667392307], [-0.0609950699304402, 51.5111105858154], [-0.0610914517406946, 51.5115463004106], [-0.0614208605746989, 51.5128782620541], [-0.0618735091123311, 51.5147362455205], [-0.060284800067194, 51.5146905077064], [-0.0585671478984915, 51.5145985137955], [-0.0578963496024652, 51.5145546693689], [-0.0567123853061456, 51.5144403559783], [-0.0532170984981082, 51.5141310321707], [-0.0518247153159857, 51.5140220157465], [-0.0515479959750083, 51.5139743063419], [-0.0494509359416283, 51.5136228405468], [-0.0475527671877992, 51.5133269751754]]]}}, {"type": "Feature", "properties": {"code": "E02000886", "name": "Limehouse East"}, "geometry": {"type": "Polygon", "coordinates": [[[-0.0333347270618787, 51.5166072293865], [-0.0330660720057621, 51.516025477168], [-0.0320678398379376, 51.5160497505592], [-0.0310652194538412, 51.5160807611492], [-0.0307120689294172, 51.5160922419143], [-0.0292752553420287, 51.5163211860593], [-0.0289089330565168, 51.5156445243841], [-0.0288880272242813, 51.5156051081346], [-0.028396024683108, 51.5146669688423], [-0.0282297226122301, 51.5143382701236], [-0.0292697820090821, 51.5139108258622], [-0.0290629596128311, 51.5130521740831], [-0.0285896461977037, 51.5125309789031], [-0.0287511292224412, 51.5121150833633], [-0.0279779073254605, 51.5121863943327], [-0.0276258542135664, 51.5125483560805], [-0.0272812088883263, 51.5121734199766], [-0.0271291201147387, 51.5117036629506], [-0.0281127289735856, 51.5119540185812], [-0.0285563029178839, 51.5117655470858], [-0.0278941780708053, 51.5108152976778], [-0.027520765985324, 51.5110284717091], [-0.0264050502137274, 51.5101177226315], [-0.0265303391817413, 51.5105010763355], [-0.0254217498460737, 51.5105275160866], [-0.0254651469132233, 51.51012623623], [-0.0243814575763765, 51.509913755902], [-0.0244630491396251, 51.5095450262308], [-0.0251509430355134, 51.5095142379407], [-0.025509970483018, 51.5097789019491], [-0.0263650866441666, 51.5092933085204], [-0.0271725234277654, 51.508208052542], [-0.0272671424581504, 51.5079060621322], [-0.0292283186796648, 51.5078706866641], [-0.0300804980419607, 51.5074005396446], [-0.0301024359120838, 51.5074231961392], [-0.0304146652410577, 51.5072417613946], [-0.0304816827257795, 51.5072778999713], [-0.0315249534077479, 51.5078404521662], [-0.0313293189670349, 51.5079656340739], [-0.0305612082180068, 51.5084571184711], [-0.0298562114227503, 51.5089082057933], [-0.0307508732127897, 51.5085477359671], [-0.0315983793685159, 51.5082062547118], [-0.031649661674096, 51.5082080966972], [-0.0325995369626795, 51.5082422116025], [-0.033088655472171, 51.5086245366515], [-0.0331638789618662, 51.5086833344777], [-0.0355854845142226, 51.5090722171108], [-0.0359165918797421, 51.5093817195299], [-0.0364872601498803, 51.5093732422468], [-0.0373338348756442, 51.5093606623602], [-0.0369801803092221, 51.5098925965732], [-0.0362245552983452, 51.5104234583066], [-0.036021699891417, 51.5105734426194], [-0.0348662730224482, 51.5113336026931], [-0.0367400697701984, 51.5117511513922], [-0.0364290096164774, 51.512596707218], [-0.0355224256688487, 51.5140949696037], [-0.0352902473322452, 51.5143656581425], [-0.0338346703988066, 51.5162731884968], [-0.0333347270618787, 51.5166072293865]]]}}, {"type": "Feature", "properties": {"code": "E02000887", "name": "Poplar West"}, "geometry": {"type": "Polygon", "coordinates": [[[-0.0195565388066094, 51.5147440297498], [-0.0200696371523541, 51.5137789033517], [-0.0200461613899258, 51.5134692240871], [-0.0199975826822845, 51.5129224563165], [-0.0199860979073123, 51.5122811903925], [-0.0200097036594504, 51.5121129596263], [-0.0205579682827895, 51.5114645372131], [-0.0209454252821166, 51.5108151856928], [-0.0175352928594592, 51.5109469313897], [-0.0149981290200788, 51.5110903483727], [-0.0149112441357497, 51.5110943792371], [-0.0144958987959715, 51.5111160320059], [-0.0131446427454038, 51.5111949615493], [-0.0128274796440492, 51.5099646680251], [-0.0122772032626095, 51.5088536950953], [-0.0118400720570992, 51.5082622405523], [-0.0120463252471366, 51.507584327819], [-0.0133624762324963, 51.5074071486151], [-0.0171211092358959, 51.5075986333195], [-0.023598299754854, 51.5088741501862], [-0.0239173420402999, 51.5089301752976], [-0.0251509430355134, 51.5095142379407], [-0.0244630491396251, 51.5095450262308], [-0.0243814575763765, 51.509913755902], [-0.0254651469132233, 51.51012623623], [-0.0254217498460737, 51.5105275160866], [-0.0265303391817413, 51.5105010763355], [-0.0264050502137274, 51.5101177226315], [-0.027520765985324, 51.5110284717091], [-0.0278941780708053, 51.5108152976778], [-0.0285563029178839, 51.5117655470858], [-0.0281127289735856, 51.5119540185812], [-0.0271291201147387, 51.5117036629506], [-0.0272812088883263, 51.5121734199766], [-0.0276258542135664, 51.5125483560805], [-0.0279779073254605, 51.5121863943327], [-0.0287511292224412, 51.5121150833633], [-0.0285896461977037, 51.5125309789031], [-0.0290629596128311, 51.5130521740831], [-0.0292697820090821, 51.5139108258622], [-0.0282297226122301, 51.5143382701236], [-0.0280247331123983, 51.5139739599525], [-0.0262873298871135, 51.5146802084987], [-0.0260608729769549, 51.5147713464673], [-0.0246883722183161, 51.5153447361928], [-0.0243823392196269, 51.515473987985], [-0.0227816542134235, 51.5161070821635], [-0.0219726601235979, 51.5164469864961], [-0.0216173086129593, 51.5165966482259], [-0.0205575829563395, 51.5158372724913], [-0.0204512484746932, 51.5157510713127], [-0.0195858187409137, 51.5148231928668], [-0.0195565388066094, 51.5147440297498]]]}}, {"type": "Feature", "properties": {"code": "E02000888", "name": "Shadwell Basin & Ratcliffe"}, "geometry": {"type": "Polygon", "coordinates": [[[-0.0364290096164774, 51.512596707218], [-0.0367400697701984, 51.5117511513922], [-0.0348662730224482, 51.5113336026931], [-0.036021699891417, 51.5105734426194], [-0.0362245552983452, 51.5104234583066], [-0.0369801803092221, 51.5098925965732], [-0.036923055777971, 51.5099785161459], [-0.0378008387660431, 51.5094995917881], [-0.0396036108637138, 51.5096254401353], [-0.0416851795885563, 51.509770715422], [-0.0418828679135341, 51.509784509901], [-0.0421051650428003, 51.5098000215205], [-0.0445715423859225, 51.5095229920741], [-0.0451933442810064, 51.5094531411533], [-0.0460581624606718, 51.5093559848278], [-0.0467223788281168, 51.5090648672388], [-0.0491298161449178, 51.508009655467], [-0.0496874057492805, 51.5080796308318], [-0.049399673417847, 51.5078491283464], [-0.0495447552499198, 51.5078127011132], [-0.0527710221871129, 51.508131220884], [-0.0550616581123001, 51.5081227680608], [-0.0552107679404497, 51.5091691147799], [-0.0552636868024336, 51.509615411993], [-0.056787344006456, 51.5097304839988], [-0.0568095417317521, 51.5097303843078], [-0.058363581927406, 51.509652987821], [-0.0583944644574998, 51.5096505029194], [-0.0601565132546543, 51.5094758505192], [-0.0604873195252014, 51.5094449878095], [-0.0609816176514081, 51.5110542489062], [-0.0609950699304402, 51.5111105858154], [-0.0595636167806384, 51.5114667392307], [-0.0596050455120267, 51.5117394043868], [-0.0579871820926536, 51.5118099159092], [-0.0579378721027104, 51.5123966632312], [-0.0567343771628361, 51.5126475706666], [-0.0568503248952155, 51.5130175136706], [-0.0566786626556951, 51.5130360392923], [-0.0553696225885926, 51.5129620110389], [-0.055526257753189, 51.5120534905041], [-0.0549972829370884, 51.5120597602578], [-0.0536169361367177, 51.5120742783942], [-0.0536102295852505, 51.5118846499516], [-0.0519039515302621, 51.5120045115224], [-0.0517724371014452, 51.5107210334726], [-0.0518065067439268, 51.5106477607776], [-0.0516102594424528, 51.5098812010302], [-0.0522344349591228, 51.5100415346621], [-0.0525912305753145, 51.5097869440371], [-0.0506024912216942, 51.5097670366442], [-0.0468798272728839, 51.5099380381656], [-0.0473931093854717, 51.5102377059365], [-0.0476238498098302, 51.5107781240831], [-0.0477038382882909, 51.5109528888934], [-0.0477990845007997, 51.5111483210194], [-0.0478916062081755, 51.5113525475122], [-0.0463734882382611, 51.5114852456959], [-0.046264689597984, 51.5114864657867], [-0.0465857628765693, 51.5120293152356], [-0.0460369699101015, 51.5120561451068], [-0.0451012230869341, 51.5120315691474], [-0.0451343030994727, 51.5128049641028], [-0.0443165878195954, 51.5126705249275], [-0.044316017651688, 51.5131724805477], [-0.0436831316602263, 51.5131733180636], [-0.0412072760785726, 51.5128456800938], [-0.0387493421326139, 51.5126911201639], [-0.0375374266777988, 51.5126426584432], [-0.0364290096164774, 51.512596707218]]]}}, {"type": "Feature", "properties": {"code": "E02000889", "name": "St George in the East & Wapping North"}, "geometry": {"type": "Polygon", "coordinates": [[[-0.0609816176514081, 51.5110542489062], [-0.0604873195252014, 51.5094449878095], [-0.0601565132546543, 51.5094758505192], [-0.0583944644574998, 51.5096505029194], [-0.058363581927406, 51.509652987821], [-0.0568095417317521, 51.5097303843078], [-0.0567713056824486, 51.5077733098367], [-0.0566336055847246, 51.5076805321093], [-0.055238910878864, 51.5068712927091], [-0.0554370045022696, 51.5065649870777], [-0.0557098259351582, 51.5064359793543], [-0.0559095919545836, 51.5056781774258], [-0.0554146138454925, 51.505224389512], [-0.0561450939791968, 51.5051648764507], [-0.0569074050539958, 51.5048213035123], [-0.0571165484623046, 51.5049015492376], [-0.0577382372191894, 51.5050017860893], [-0.0586063169829315, 51.506248810916], [-0.0593858327665301, 51.5062167530368], [-0.0592955837506791, 51.5052890113337], [-0.0613873729722504, 51.5052336916781], [-0.0614050364572294, 51.5047125690311], [-0.0613913303252856, 51.5041636078109], [-0.0631072433614801, 51.504426000803], [-0.0632533068299314, 51.5037087934609], [-0.064204464428304, 51.5038870542655], [-0.0639843766653495, 51.5048179867304], [-0.0647902904046919, 51.5048212923325], [-0.0649642430772115, 51.5051578917083], [-0.0659678567150076, 51.5057212712316], [-0.0662783761619075, 51.5059094577115], [-0.0667207753175675, 51.5065536977886], [-0.0661036225290807, 51.5063598613527], [-0.0656923403591994, 51.5067257519162], [-0.0650239248284155, 51.5067438762701], [-0.0652269946916305, 51.5074544765171], [-0.0666383690777463, 51.5074786500074], [-0.0667064329257124, 51.5079601057897], [-0.0668781573852249, 51.5081821012252], [-0.0683607392725981, 51.5076721024709], [-0.0690568722347502, 51.5083299723814], [-0.0702477843790892, 51.507561170676], [-0.0703975212518824, 51.5084227274751], [-0.0715311076201938, 51.5083236375133], [-0.0731315854704621, 51.5088660387638], [-0.0737617032122587, 51.5094214644651], [-0.0732036516654054, 51.5100037802322], [-0.0727015755772489, 51.5101892141649], [-0.072738138527668, 51.510806269406], [-0.0711184559050879, 51.5109083930071], [-0.0710461625316385, 51.5109123099724], [-0.0688796967059801, 51.5110439642227], [-0.0685848903374185, 51.5110643751253], [-0.0673899216667322, 51.5111468099463], [-0.0668540961544123, 51.5111853222101], [-0.066299630515644, 51.5112236054933], [-0.0653735543266804, 51.5112851964231], [-0.0646136569310028, 51.5113287449987], [-0.063416469253105, 51.5113902894747], [-0.0620312840773554, 51.5114883448958], [-0.0610914517406946, 51.5115463004106], [-0.0609950699304402, 51.5111105858154], [-0.0609816176514081, 51.5110542489062]]]}}, {"type": "Feature", "properties": {"code": "E02000890", "name": "Tower Hill & Wapping South"}, "geometry": {"type": "Polygon", "coordinates": [[[-0.0761463454354735, 51.5104783705229], [-0.0755060463449066, 51.5097368257229], [-0.0732036516654054, 51.5100037802322], [-0.0737617032122587, 51.5094214644651], [-0.0731315854704621, 51.5088660387638], [-0.0715311076201938, 51.5083236375133], [-0.0703975212518824, 51.5084227274751], [-0.0702477843790892, 51.507561170676], [-0.0690568722347502, 51.5083299723814], [-0.0683607392725981, 51.5076721024709], [-0.0668781573852249, 51.5081821012252], [-0.0667064329257124, 51.5079601057897], [-0.0666383690777463, 51.5074786500074], [-0.0652269946916305, 51.5074544765171], [-0.0650239248284155, 51.5067438762701], [-0.0656923403591994, 51.5067257519162], [-0.0661036225290807, 51.5063598613527], [-0.0667207753175675, 51.5065536977886], [-0.0662783761619075, 51.5059094577115], [-0.0659678567150076, 51.5057212712316], [-0.0649642430772115, 51.5051578917083], [-0.0647902904046919, 51.5048212923325], [-0.0639843766653495, 51.5048179867304], [-0.064204464428304, 51.5038870542655], [-0.0632533068299314, 51.5037087934609], [-0.0631072433614801, 51.504426000803], [-0.0613913303252856, 51.5041636078109], [-0.0614050364572294, 51.5047125690311], [-0.0613873729722504, 51.5052336916781], [-0.0592955837506791, 51.5052890113337], [-0.0593858327665301, 51.5062167530368], [-0.0586063169829315, 51.506248810916], [-0.0577382372191894, 51.5050017860893], [-0.0571165484623046, 51.5049015492376], [-0.0569074050539958, 51.5048213035123], [-0.0561450939791968, 51.5051648764507], [-0.0554146138454925, 51.505224389512], [-0.0559095919545836, 51.5056781774258], [-0.0557098259351582, 51.5064359793543], [-0.0554370045022696, 51.5065649870777], [-0.055238910878864, 51.5068712927091], [-0.0566336055847246, 51.5076805321093], [-0.0567713056824486, 51.5077733098367], [-0.0568095417317521, 51.5097303843078], [-0.056787344006456, 51.5097304839988], [-0.0552636868024336, 51.509615411993], [-0.0552107679404497, 51.5091691147799], [-0.0550616581123001, 51.5081227680608], [-0.0527710221871129, 51.508131220884], [-0.0495447552499198, 51.5078127011132], [-0.0504208177582184, 51.5075927312447], [-0.0511410311109975, 51.5071266897807], [-0.0533297282735403, 51.5057103313801], [-0.0534930562414941, 51.5056046326875], [-0.0536123133965871, 51.5055274544488], [-0.053648710194197, 51.5055038998245], [-0.053831006299764, 51.5053859239799], [-0.0547098970466666, 51.5048171244173], [-0.0561632101959565, 51.5038765233909], [-0.0562847959787232, 51.5038396700721], [-0.0593848522920694, 51.5028999587725], [-0.0594728183520723, 51.5028732919097], [-0.0596301313710898, 51.5028256030035], [-0.0608433554019432, 51.5028092554399], [-0.0610334749116211, 51.5028991029829], [-0.0616252131681764, 51.503178745338], [-0.0618039081643982, 51.503163573021], [-0.0625782171372023, 51.5030978261621], [-0.0643828108564495, 51.5035348913828], [-0.0651774750084682, 51.5037273445056], [-0.0653468922452096, 51.5034902149182], [-0.0652201063307644, 51.5037380299438], [-0.066011839388158, 51.5039433407832], [-0.0680806879647121, 51.5044797987428], [-0.0680677173284664, 51.5048782316212], [-0.0686650569559773, 51.5045363714461], [-0.0705742848704724, 51.5053560313798], [-0.0711860720533719, 51.5051664641414], [-0.071224768589356, 51.5054429569313], [-0.0712718534347806, 51.5057793802888], [-0.0737674198171664, 51.5061954226511], [-0.0747585902712177, 51.5067139536333], [-0.0793877065649899, 51.5078026933895], [-0.0794172478006216, 51.5078114454636], [-0.0786431865786582, 51.5087927842789], [-0.0790757002616435, 51.5090398051553], [-0.0788186240789193, 51.5094125832817], [-0.0778754055658746, 51.5099944297097], [-0.076824695711884, 51.5101552192699], [-0.0768650156597376, 51.5104710035634], [-0.0761463454354735, 51.5104783705229]]]}}, {"type": "Feature", "properties": {"code": "E02000893", "name": "Mudchute"}, "geometry": {"type": "Polygon", "coordinates": [[[-0.00860272559786355, 51.4986563889905], [-0.00849824583675513, 51.4980790718081], [-0.00703596073856836, 51.4983337154967], [-0.00695595254179034, 51.4983424299207], [-0.00658432602476315, 51.497652636562], [-0.0062385392627548, 51.4970107855086], [-0.00560596663949319, 51.4958365491166], [-0.00621228535749718, 51.4956103503868], [-0.00617400569031397, 51.4955634114527], [-0.00542398197608864, 51.4946437012692], [-0.00530232633346946, 51.4946252385188], [-0.00507146050419496, 51.4945902024748], [-0.00475993339176973, 51.4945429236885], [-0.00368492902362965, 51.4928708600406], [-0.00329912591540556, 51.492270748125], [-0.00326305992399453, 51.4920618066253], [-0.00316987193115807, 51.491521939493], [-0.00305835383201672, 51.4908758583519], [-0.00309163799590724, 51.4907757042698], [-0.00360606424887217, 51.4892277331883], [-0.00368700295737438, 51.4889841672217], [-0.00443521156790546, 51.4882779238809], [-0.00512593818197643, 51.4886066757819], [-0.00462071387538801, 51.4881367453076], [-0.00570749600217778, 51.4875780767867], [-0.00666930272684184, 51.4870836319322], [-0.00973198289171968, 51.4864855695075], [-0.0106017989402307, 51.4863156993762], [-0.011499955393768, 51.4861402853466], [-0.0130940164296545, 51.4861408252073], [-0.0131469336539276, 51.4863987993361], [-0.013308662357604, 51.487196644449], [-0.0133137643888357, 51.4872449147008], [-0.0139446193148485, 51.4891932146098], [-0.01447461636706, 51.489609720305], [-0.0156082127379523, 51.4907359146617], [-0.0147390491734916, 51.4934112057192], [-0.0142834286750668, 51.4945440222142], [-0.0132877675715758, 51.4937999363061], [-0.00962129996356285, 51.4951398552821], [-0.00930830823606257, 51.4945275953145], [-0.00858562349012986, 51.4945515546964], [-0.00820733762082633, 51.4941802258417], [-0.00732154521131165, 51.4933185248165], [-0.0069559206114431, 51.4934228683765], [-0.00720478535569918, 51.4938934044929], [-0.00803766650837071, 51.4949764389352], [-0.00734378215307868, 51.4949140268455], [-0.00692957739706519, 51.4953995241952], [-0.00881279303527129, 51.4949483018446], [-0.00907080572993263, 51.4956527053934], [-0.00814391704464003, 51.4958985183624], [-0.00814876834048853, 51.4962868760123], [-0.0086405133201374, 51.4961390330133], [-0.00946645420544638, 51.4968266244002], [-0.00960347583685946, 51.4975133071813], [-0.0095736468246702, 51.4977638902233], [-0.00943539987770315, 51.4987244885733], [-0.00860272559786355, 51.4986563889905]]]}}, {"type": "Feature", "properties": {"code": "E02000894", "name": "Millwall South"}, "geometry": {"type": "MultiPolygon", "coordinates": [[[[-0.0147390491734916, 51.4934112057192], [-0.0156082127379523, 51.4907359146617], [-0.01447461636706, 51.489609720305], [-0.0139446193148485, 51.4891932146098], [-0.0133137643888357, 51.4872449147008], [-0.013308662357604, 51.487196644449], [-0.0131469336539276, 51.4863987993361], [-0.0130940164296545, 51.4861408252073], [-0.0143770418025508, 51.4861412440304], [-0.0163772213541737, 51.4861418692593], [-0.0168819952146662, 51.4862720710928], [-0.0187619107008795, 51.4867569549409], [-0.0199146246889, 51.4870542582502], [-0.0209800590719884, 51.4873290374268], [-0.021578077798927, 51.4876692034657], [-0.0219416922617018, 51.4878760309566], [-0.0229412504020265, 51.4884445740744], [-0.0238233363380981, 51.4889462817999], [-0.0240584556338035, 51.4891654951353], [-0.0254058647135252, 51.490421705336], [-0.0256993083395575, 51.4906952764714], [-0.0262770667430914, 51.491692300791], [-0.0263457391318858, 51.4918108038567], [-0.0270997505035184, 51.4931119046126], [-0.0273317297290978, 51.4935121860036], [-0.0272354033521087, 51.4938077796068], [-0.0269863773406169, 51.4938589621944], [-0.0263020777536377, 51.4938707498163], [-0.0263024986400981, 51.4931410818196], [-0.0263028277865073, 51.4925435179502], [-0.0248752763857038, 51.4932375820366], [-0.0246230188116603, 51.4939953432524], [-0.0243777475783486, 51.493564872413], [-0.0236646401870086, 51.4934959484557], [-0.0224852220877863, 51.4934113632262], [-0.0207598397301928, 51.4933052606918], [-0.0180625613699876, 51.4929017248434], [-0.0176684372449616, 51.4928897293119], [-0.0172759472266661, 51.4939044442833], [-0.0173291877807303, 51.4935153582268], [-0.0147390491734916, 51.4934112057192]]], [[[-0.0265889759878556, 51.4949108718098], [-0.026994567170433, 51.4941433027367], [-0.0276289987313739, 51.494251011006], [-0.0278731731712808, 51.4946849815283], [-0.0278225356978349, 51.4954686534802], [-0.0265434955072689, 51.4951125090195], [-0.0265889759878556, 51.4949108718098]]]]}}, {"type": "Feature", "properties": {"code": "E02006853", "name": "Millwall North"}, "geometry": {"type": "Polygon", "coordinates": [[[-0.017838443481895, 51.5003399164646], [-0.0180357952790569, 51.4998038683009], [-0.0186705764029602, 51.4996929460799], [-0.0187057470364334, 51.4994678458643], [-0.0187381229836138, 51.4992593262592], [-0.0187020886587416, 51.4992565667721], [-0.016813774656557, 51.4985621981767], [-0.0166910938448788, 51.4985260485282], [-0.0167899719737841, 51.4976729563868], [-0.0168485735155629, 51.49716737688], [-0.0168513318259647, 51.4971435770708], [-0.0168692632873215, 51.4969889030775], [-0.01711090293238, 51.4951105242768], [-0.0172759472266661, 51.4939044442833], [-0.0176684372449616, 51.4928897293119], [-0.0180625613699876, 51.4929017248434], [-0.0207598397301928, 51.4933052606918], [-0.0224852220877863, 51.4934113632262], [-0.0236646401870086, 51.4934959484557], [-0.0243777475783486, 51.493564872413], [-0.0246230188116603, 51.4939953432524], [-0.0248752763857038, 51.4932375820366], [-0.0263028277865073, 51.4925435179502], [-0.0263024986400981, 51.4931410818196], [-0.0263020777536377, 51.4938707498163], [-0.0269863773406169, 51.4938589621944], [-0.0266156557099079, 51.4939351561838], [-0.0262324584924791, 51.4940139131663], [-0.026994567170433, 51.4941433027367], [-0.0265889759878556, 51.4949108718098], [-0.0265434955072689, 51.4951125090195], [-0.0278225356978349, 51.4954686534802], [-0.0277187795251126, 51.4970742794344], [-0.0276683074347965, 51.4978552748724], [-0.0266396040220918, 51.4978612330775], [-0.0267178611554524, 51.4981700270716], [-0.0272341422672342, 51.4982628038331], [-0.0269119982818095, 51.498632572367], [-0.0261729005253897, 51.4983967501398], [-0.0263167294813925, 51.4982048633448], [-0.025884376897541, 51.4981663657725], [-0.0258637424064114, 51.4979771673058], [-0.0244824124735084, 51.4980833757645], [-0.0242947584341103, 51.4981664807529], [-0.0242021012805884, 51.4987877485604], [-0.0248044071867318, 51.4987864369689], [-0.0247719833443679, 51.4995092250435], [-0.0254317027565117, 51.4997537095209], [-0.0251377196266579, 51.5000782935642], [-0.0249227825175424, 51.5005232338585], [-0.024388399103489, 51.5005279846133], [-0.0229815859486039, 51.5005333855574], [-0.0229591061758375, 51.4999455541038], [-0.0224893990688381, 51.4998956223688], [-0.0217711888554981, 51.4993876220579], [-0.0215513133569135, 51.5001807616853], [-0.0209779932508534, 51.5001607878995], [-0.0208716987603997, 51.5007976668669], [-0.0194997509944289, 51.5005290363084], [-0.0188955171918893, 51.5004399947664], [-0.017838443481895, 51.5003399164646]]]}}, {"type": "Feature", "properties": {"code": "E02006854", "name": "Canary Wharf"}, "geometry": {"type": "Polygon", "coordinates": [[[-0.0171211092358959, 51.5075986333195], [-0.0133624762324963, 51.5074071486151], [-0.0120463252471366, 51.507584327819], [-0.0121214949932258, 51.5073093367572], [-0.0123142862384334, 51.506604047969], [-0.0132982578856167, 51.5059703593393], [-0.0128913309315861, 51.5059253853398], [-0.0131283707225294, 51.5049904771438], [-0.0123904642201209, 51.5046873753761], [-0.0148800538613975, 51.504886941582], [-0.01505785574007, 51.504449581973], [-0.0151240112443556, 51.5039989374404], [-0.0134966547428708, 51.503812588714], [-0.0137919072460682, 51.5027942471046], [-0.0147620001057532, 51.5028388931962], [-0.0153616193407037, 51.5019156065629], [-0.0161612883260025, 51.5001671174119], [-0.0165239859551581, 51.4999677857098], [-0.0166910938448788, 51.4985260485282], [-0.016813774656557, 51.4985621981767], [-0.0187020886587416, 51.4992565667721], [-0.0187381229836138, 51.4992593262592], [-0.0187057470364334, 51.4994678458643], [-0.0186705764029602, 51.4996929460799], [-0.0180357952790569, 51.4998038683009], [-0.017838443481895, 51.5003399164646], [-0.0188955171918893, 51.5004399947664], [-0.0194997509944289, 51.5005290363084], [-0.0208716987603997, 51.5007976668669], [-0.0209779932508534, 51.5001607878995], [-0.0215513133569135, 51.5001807616853], [-0.0217711888554981, 51.4993876220579], [-0.0224893990688381, 51.4998956223688], [-0.0229591061758375, 51.4999455541038], [-0.0229815859486039, 51.5005333855574], [-0.024388399103489, 51.5005279846133], [-0.0249227825175424, 51.5005232338585], [-0.0251377196266579, 51.5000782935642], [-0.0254317027565117, 51.4997537095209], [-0.0247719833443679, 51.4995092250435], [-0.0248044071867318, 51.4987864369689], [-0.0242021012805884, 51.4987877485604], [-0.0242947584341103, 51.4981664807529], [-0.0244824124735084, 51.4980833757645], [-0.0258637424064114, 51.4979771673058], [-0.025884376897541, 51.4981663657725], [-0.0263167294813925, 51.4982048633448], [-0.0261729005253897, 51.4983967501398], [-0.0269119982818095, 51.498632572367], [-0.0272341422672342, 51.4982628038331], [-0.0267178611554524, 51.4981700270716], [-0.0266396040220918, 51.4978612330775], [-0.0276683074347965, 51.4978552748724], [-0.0275953051856841, 51.498984838607], [-0.0275420789431332, 51.4998083849648], [-0.0274874693999749, 51.5006532869785], [-0.0274242772785974, 51.5016309231646], [-0.0274125302329005, 51.5018126420491], [-0.0272346664918295, 51.5022212697055], [-0.0271857275401079, 51.5023337025987], [-0.0269010539180098, 51.5029876995228], [-0.0267478337706362, 51.5033396898885], [-0.0284569843197244, 51.5056666433604], [-0.0286292496668767, 51.5049914182583], [-0.0289348264330807, 51.5053931428918], [-0.0285788469674798, 51.5052842783097], [-0.0285206738069807, 51.5056636091956], [-0.0284520096483116, 51.5057186599946], [-0.028637457463673, 51.5059101948679], [-0.0296065528248351, 51.5069110723482], [-0.0300804980419607, 51.5074005396446], [-0.0292283186796648, 51.5078706866641], [-0.0272671424581504, 51.5079060621322], [-0.0271725234277654, 51.508208052542], [-0.0263650866441666, 51.5092933085204], [-0.025509970483018, 51.5097789019491], [-0.0251509430355134, 51.5095142379407], [-0.0239173420402999, 51.5089301752976], [-0.023598299754854, 51.5088741501862], [-0.0171211092358959, 51.5075986333195]]]}}, {"type": "Feature", "properties": {"code": "E02006918", "name": "Clapton Leaside"}, "geometry": {"type": "Polygon", "coordinates": [[[-0.0511503069506706, 51.5677230002823], [-0.0476509940284445, 51.565330362455], [-0.0467003643107289, 51.5643796161595], [-0.0466957298351679, 51.5637535306331], [-0.0472285704782403, 51.562700304595], [-0.0455874208160504, 51.5622129775152], [-0.045077182951157, 51.5617589113982], [-0.0442984846955123, 51.5610421410801], [-0.0449017329884285, 51.5598544320951], [-0.045262415272635, 51.5591761199745], [-0.0473977488033145, 51.55923074087], [-0.0489718191569748, 51.5607371206722], [-0.0499605208563897, 51.5603122883676], [-0.0502802662884356, 51.5605990943286], [-0.0500357153018486, 51.5615179878797], [-0.0500112366776482, 51.5615813125033], [-0.0520883052022926, 51.5623721036796], [-0.0525714917444267, 51.5622586752975], [-0.0523640890277393, 51.5619899736084], [-0.0566062402939463, 51.5612183099084], [-0.0560094977802304, 51.5606893786076], [-0.0555227745487232, 51.5604770661307], [-0.0556929572313322, 51.5600772417965], [-0.0564736052292835, 51.5597289349741], [-0.0565392368993676, 51.5598825654909], [-0.0575903702312804, 51.5624192664366], [-0.0576282846158778, 51.5624639927673], [-0.0581285370684664, 51.5630155231078], [-0.0587319399096467, 51.5635944781619], [-0.0579113141976746, 51.564047506519], [-0.0574715162676845, 51.5640834935616], [-0.0554606406216242, 51.5641864623907], [-0.0552321743177744, 51.5646919544084], [-0.0543011356783815, 51.5653739784351], [-0.0549116122665143, 51.5653705196345], [-0.0549042336406864, 51.5661456723111], [-0.0552475330134705, 51.5661250095123], [-0.0573897748671771, 51.5659883895613], [-0.0578792091786959, 51.5660368881846], [-0.0577295771443644, 51.5665012633384], [-0.0566812321036363, 51.5666709845774], [-0.0566824670222295, 51.5670508548544], [-0.0556450003943213, 51.5670451835145], [-0.0547493072439918, 51.5674563267159], [-0.0551276509551383, 51.5679425231035], [-0.0551452756620477, 51.5680085517523], [-0.0541211412242119, 51.5688890354054], [-0.053617593002986, 51.5691862567595], [-0.0531343530452993, 51.5685750425659], [-0.0511503069506706, 51.5677230002823]]]}}, {"type": "Feature", "properties": {"code": "E02006921", "name": "Upper Clapton"}, "geometry": {"type": "Polygon", "coordinates": [[[-0.0578792091786959, 51.5660368881846], [-0.0573897748671771, 51.5659883895613], [-0.0552475330134705, 51.5661250095123], [-0.0549042336406864, 51.5661456723111], [-0.0549116122665143, 51.5653705196345], [-0.0543011356783815, 51.5653739784351], [-0.0552321743177744, 51.5646919544084], [-0.0554606406216242, 51.5641864623907], [-0.0574715162676845, 51.5640834935616], [-0.0579113141976746, 51.564047506519], [-0.0587319399096467, 51.5635944781619], [-0.0581285370684664, 51.5630155231078], [-0.059470904777938, 51.5626328758952], [-0.0597940057692785, 51.5625541776049], [-0.0602976078893275, 51.5624756320347], [-0.0611683292911062, 51.5625610577991], [-0.063338441011657, 51.5628019019741], [-0.0646324480837973, 51.5629595256988], [-0.0658117031139604, 51.5624759000931], [-0.0667216647968229, 51.5623239681866], [-0.0670824529115763, 51.5623190616], [-0.0660088493122632, 51.5636001409928], [-0.0658061928280572, 51.5639002642251], [-0.065142455071584, 51.5651253984974], [-0.064814375821666, 51.5657838074192], [-0.0647757166737215, 51.5660785384836], [-0.0641073862942619, 51.5661061289974], [-0.0644031692682598, 51.5666468665988], [-0.0616158052111812, 51.5674987265493], [-0.0619033922012151, 51.5678349398377], [-0.0619260926531694, 51.5678562769349], [-0.060457531971481, 51.5681802244641], [-0.0607603938382507, 51.5685065414095], [-0.0586247531356755, 51.5696600459459], [-0.0585119550562559, 51.5701915772046], [-0.0581758919447806, 51.571019522605], [-0.0568723804824696, 51.5714534860567], [-0.0561465572474258, 51.5706718462845], [-0.0542655715137746, 51.5701969136033], [-0.053617593002986, 51.5691862567595], [-0.0541211412242119, 51.5688890354054], [-0.0551452756620477, 51.5680085517523], [-0.0551276509551383, 51.5679425231035], [-0.0547493072439918, 51.5674563267159], [-0.0556450003943213, 51.5670451835145], [-0.0566824670222295, 51.5670508548544], [-0.0566812321036363, 51.5666709845774], [-0.0577295771443644, 51.5665012633384], [-0.0578792091786959, 51.5660368881846]]]}}, {"type": "Feature", "properties": {"code": "E02007108", "name": "Dalston Kingsland"}, "geometry": {"type": "Polygon", "coordinates": [[[-0.0722201847146786, 51.5506302946604], [-0.0716268784190879, 51.5501408403505], [-0.0710558405968601, 51.5501732335181], [-0.0710185265514431, 51.5497801094218], [-0.0715626782179214, 51.5497582324849], [-0.0716262930099929, 51.5493692970985], [-0.0730785352553739, 51.5492415605767], [-0.0729164700566923, 51.5489306148689], [-0.0746155059509836, 51.5493087194628], [-0.0746866194448852, 51.548526112712], [-0.0753873668186995, 51.5484491231223], [-0.0754294592259171, 51.5481350745129], [-0.0735129314452391, 51.5472664135018], [-0.0727724789763022, 51.5472555725957], [-0.0719889807783336, 51.547029140022], [-0.0720803310215176, 51.5464973009366], [-0.0715978298688955, 51.5464631209366], [-0.0714412349644607, 51.5462619640048], [-0.0717727414929943, 51.5462674221481], [-0.0717828174494735, 51.5460289240544], [-0.070827668908273, 51.5459410743078], [-0.0703542892670574, 51.5458377023479], [-0.0703210410656177, 51.5448955363785], [-0.0707850955183808, 51.5447702689272], [-0.0714351073140533, 51.5453758204782], [-0.0721156551408282, 51.5450703502866], [-0.0726556518422044, 51.5454236370961], [-0.0730943567593667, 51.5452695285644], [-0.073587735039545, 51.5451089079602], [-0.0728764219914738, 51.5448332814674], [-0.0731476138016463, 51.5444374739406], [-0.0726229582038407, 51.5443281321604], [-0.0726193529881716, 51.543979249529], [-0.0745058162220911, 51.5440462465594], [-0.0750827873592715, 51.5440824550886], [-0.0751470292911235, 51.5435567433647], [-0.0745171515561755, 51.5428791306697], [-0.0754671951782033, 51.5428327520392], [-0.0755142351627378, 51.5424056670122], [-0.0763049216138313, 51.5423957626311], [-0.0763146686733548, 51.5423241638003], [-0.0768058807179786, 51.542371692086], [-0.0773252920964357, 51.5424156975888], [-0.0777533711728173, 51.5424636329617], [-0.0779279774367457, 51.5418611307863], [-0.0792274488172301, 51.542019324602], [-0.0790663267746124, 51.542601407941], [-0.0801405572420896, 51.5427625230496], [-0.0807261582978173, 51.5427704195656], [-0.0807679965083546, 51.5431862995632], [-0.08046887800951, 51.5443977090638], [-0.0798213410116532, 51.5447211304637], [-0.0810298859534074, 51.5448740020484], [-0.0809748088575123, 51.5453300099412], [-0.0827605532375596, 51.5453440414072], [-0.0832289724108206, 51.5458086448675], [-0.083171958466806, 51.5460987272743], [-0.0837485125055792, 51.5461805873291], [-0.0838123435767431, 51.5466043735707], [-0.0827450683080203, 51.5465522644461], [-0.0813084250474541, 51.546457079346], [-0.0810776855489563, 51.5464420208245], [-0.0792405836340032, 51.5463157994604], [-0.0792113134297511, 51.5463134184204], [-0.0771057048366698, 51.5461133331551], [-0.0768128557424755, 51.5460814302405], [-0.0763478418615959, 51.5466578790636], [-0.0766052782290244, 51.5479193036646], [-0.0771097227724718, 51.5487337327497], [-0.0772380441407238, 51.5488854482791], [-0.0774855352392364, 51.5491786964977], [-0.0757907255116523, 51.5494489792411], [-0.0758053427559591, 51.5497665761697], [-0.0752908514409326, 51.5499186599352], [-0.0759392399151889, 51.5503476720212], [-0.0752293290647933, 51.5505722283554], [-0.0751692899962683, 51.5505648571459], [-0.0741314644969436, 51.550759533461], [-0.072971949422134, 51.5509992847153], [-0.0723699660180552, 51.5512501687521], [-0.0718958270107633, 51.5508646744459], [-0.0722201847146786, 51.5506302946604]]]}}, {"type": "Feature", "properties": {"code": "E02007109", "name": "De Beauvoir"}, "geometry": {"type": "Polygon", "coordinates": [[[-0.0692818491258265, 51.5460031721563], [-0.0691044157456729, 51.5450578453511], [-0.0679323733157294, 51.5451458933541], [-0.0676739375399453, 51.5448136720198], [-0.0664390014624187, 51.5449087672663], [-0.0664276250312335, 51.5444367710778], [-0.0657634942937267, 51.5443577860518], [-0.0656979102965412, 51.5436394047603], [-0.064446701820692, 51.5435659234086], [-0.0644244042242406, 51.5432687291534], [-0.0672897426913799, 51.5431747138247], [-0.0693352446260437, 51.5430917816109], [-0.069553699726248, 51.5430812602287], [-0.0699178682646613, 51.5430635765834], [-0.0699545990027388, 51.5423280538001], [-0.070903365825291, 51.5421155104563], [-0.0703810122360752, 51.5416762538954], [-0.0700055248050281, 51.54167279038], [-0.0700303695965879, 51.5410859641104], [-0.0710548491766757, 51.5409639648731], [-0.0709940118967671, 51.5404649590158], [-0.0716846520847741, 51.5405017287961], [-0.0718146757064551, 51.5401294676936], [-0.0730338775625883, 51.5401970620863], [-0.0732383653416841, 51.5395740772882], [-0.0743745987311484, 51.5395250399636], [-0.0740894418515679, 51.5392194076149], [-0.0736215115372882, 51.5388945726598], [-0.0730473715898354, 51.5385621072578], [-0.0739961316794982, 51.5384982070189], [-0.0755489735518231, 51.5384666532413], [-0.0758810539485715, 51.5384539037682], [-0.0767400055334791, 51.5384182671594], [-0.0767166403227928, 51.5390021806649], [-0.0776700132639019, 51.5390566428204], [-0.077738026962934, 51.5390605325792], [-0.0787047406328376, 51.5391255503489], [-0.0788308554237656, 51.5387026150867], [-0.0796390008425724, 51.5385096251341], [-0.0799993836574842, 51.5384119512871], [-0.0801177938603659, 51.5373297836334], [-0.079293574088503, 51.5372364616692], [-0.0790545874914616, 51.5370551508621], [-0.0803419986125947, 51.5364197347546], [-0.0808818397848252, 51.5364712969179], [-0.081887129136563, 51.5365686991685], [-0.0817178306293129, 51.5374070875791], [-0.0821799273769504, 51.5375287622387], [-0.0823003921025709, 51.5378771992759], [-0.0815512017770231, 51.5378906200803], [-0.0813337668811425, 51.5385341422052], [-0.0805026881983188, 51.5384416582934], [-0.0806425896260874, 51.5392360219202], [-0.0810954223908795, 51.5392631907331], [-0.080705872497232, 51.5405845527902], [-0.0812397217877511, 51.5406312410676], [-0.0817608416652725, 51.5396500613761], [-0.0822746087852907, 51.539679099757], [-0.0827279610190962, 51.5397044597849], [-0.0827181094203409, 51.5405245971964], [-0.0836110897592873, 51.5396320388809], [-0.0834684486280408, 51.5404292306829], [-0.0848471700962393, 51.5402859834454], [-0.0847582196640697, 51.5406135746306], [-0.0853448444720137, 51.5406858555523], [-0.0846171169968813, 51.5425020541483], [-0.0845918241920327, 51.5425681480355], [-0.0843721465970288, 51.5431296781787], [-0.084123272003035, 51.5437674211945], [-0.0836172705029314, 51.5451539421471], [-0.0837485125055792, 51.5461805873291], [-0.083171958466806, 51.5460987272743], [-0.0832289724108206, 51.5458086448675], [-0.0827605532375596, 51.5453440414072], [-0.0809748088575123, 51.5453300099412], [-0.0810298859534074, 51.5448740020484], [-0.0798213410116532, 51.5447211304637], [-0.08046887800951, 51.5443977090638], [-0.0807679965083546, 51.5431862995632], [-0.0807261582978173, 51.5427704195656], [-0.0801405572420896, 51.5427625230496], [-0.0790663267746124, 51.542601407941], [-0.0792274488172301, 51.542019324602], [-0.0779279774367457, 51.5418611307863], [-0.0777533711728173, 51.5424636329617], [-0.0773252920964357, 51.5424156975888], [-0.0768058807179786, 51.542371692086], [-0.0763146686733548, 51.5423241638003], [-0.0763049216138313, 51.5423957626311], [-0.0755142351627378, 51.5424056670122], [-0.0754671951782033, 51.5428327520392], [-0.0745171515561755, 51.5428791306697], [-0.0751470292911235, 51.5435567433647], [-0.0750827873592715, 51.5440824550886], [-0.0745058162220911, 51.5440462465594], [-0.0726193529881716, 51.543979249529], [-0.0726229582038407, 51.5443281321604], [-0.0731476138016463, 51.5444374739406], [-0.0728764219914738, 51.5448332814674], [-0.073587735039545, 51.5451089079602], [-0.0730943567593667, 51.5452695285644], [-0.0726556518422044, 51.5454236370961], [-0.0721156551408282, 51.5450703502866], [-0.0714351073140533, 51.5453758204782], [-0.0707850955183808, 51.5447702689272], [-0.0703210410656177, 51.5448955363785], [-0.0703542892670574, 51.5458377023479], [-0.0700000356566316, 51.5461567599601], [-0.0704187080438704, 51.5462271372607], [-0.0695776515569986, 51.5463804959855], [-0.0696074321505967, 51.5463126877643], [-0.0696597623061656, 51.5460977270262], [-0.0692818491258265, 51.5460031721563]]]}}, {"type": "Feature", "properties": {"code": "E02007110", "name": "Hoxton South & East"}, "geometry": {"type": "Polygon", "coordinates": [[[-0.0801668177108203, 51.5321008027422], [-0.0802313719312611, 51.5300778125752], [-0.0801218074068796, 51.5297550194516], [-0.0800262336099547, 51.5294507591391], [-0.0800166885726124, 51.5290154681689], [-0.0801231085626947, 51.5281625000638], [-0.0805755944354003, 51.5281490795193], [-0.0818513635085838, 51.5280745138071], [-0.0822086898793908, 51.5280773236053], [-0.083601407979364, 51.5280720185217], [-0.0836487096351218, 51.5268855462226], [-0.0837156616575154, 51.526554578417], [-0.0850283669863232, 51.5263256100549], [-0.084994586842453, 51.5262048514178], [-0.0867688769253064, 51.5257907658819], [-0.0875554512002287, 51.5260176628769], [-0.0880639540378981, 51.52673729456], [-0.0890028575142605, 51.527539829012], [-0.0898142177873132, 51.5277674606058], [-0.0906386830210384, 51.5279887786352], [-0.0902574323283967, 51.5284861576661], [-0.0903835583303147, 51.5292615825097], [-0.09102087999887, 51.5291910295592], [-0.0911914699213334, 51.5296667414563], [-0.0906756911844075, 51.5298101014428], [-0.0899312572438283, 51.5299318109213], [-0.0895615216641045, 51.5299230605694], [-0.0889462563201198, 51.5300174629026], [-0.0888159034909861, 51.5296355861063], [-0.0877506262484753, 51.5298396115805], [-0.0880072416609071, 51.5301337842982], [-0.0881882253191199, 51.5305940674779], [-0.0867497598452769, 51.530780485498], [-0.0865622744998124, 51.5311889653639], [-0.0878150842765436, 51.5310367958166], [-0.0880357644450909, 51.5314898132327], [-0.088515798227415, 51.5313058918668], [-0.0889035831312509, 51.5318969858569], [-0.0884649876282964, 51.5320930097283], [-0.0885915146087479, 51.5323952752981], [-0.0881906037030031, 51.5326034906547], [-0.0878580001340743, 51.5322203102688], [-0.0879730663237112, 51.5320113812896], [-0.0868109563302384, 51.5320884871705], [-0.0865479319393592, 51.5316810076196], [-0.0859703617283884, 51.5317219814448], [-0.0862382983510831, 51.5321449109026], [-0.0855774657469179, 51.5322182726952], [-0.0855640900202978, 51.5317458765834], [-0.08540577975025, 51.5310492911402], [-0.0842968946093315, 51.5310061582707], [-0.084032797907973, 51.5312244521028], [-0.0838451303510282, 51.5312213824224], [-0.0834471409560615, 51.5318922604828], [-0.0829946416908284, 51.53196618527], [-0.0830291752576219, 51.5325160118788], [-0.0830365224811338, 51.5325769781215], [-0.0826036044242129, 51.5326074597134], [-0.0801514210470896, 51.5327319754736], [-0.0801462844995252, 51.532731545065], [-0.0801668177108203, 51.5321008027422]]]}}, {"type": "Feature", "properties": {"code": "E02007111", "name": "Shoreditch"}, "geometry": {"type": "Polygon", "coordinates": [[[-0.0759063031138935, 51.5327088987819], [-0.0758895476016354, 51.5317582262166], [-0.0737203162728111, 51.5317716644271], [-0.0736084739474727, 51.5318286453928], [-0.072307944018247, 51.5319007814609], [-0.0722540669648293, 51.5310165550365], [-0.073811838508948, 51.530923167041], [-0.0743958994560932, 51.5314190055107], [-0.0747261568845542, 51.5314218980735], [-0.0747142064900956, 51.5306701443421], [-0.074203011035226, 51.5306675374842], [-0.0742493528153291, 51.5304322268418], [-0.0739533701992963, 51.5302457564159], [-0.0748523579673615, 51.5294884050959], [-0.075675999255716, 51.5283785993562], [-0.0756946175612806, 51.5283649342879], [-0.0764778816720538, 51.5277695802533], [-0.0765545757228396, 51.527717830726], [-0.0772264561545501, 51.5272984821152], [-0.0762906715938055, 51.527141510992], [-0.0765696498056869, 51.5256726419945], [-0.0765397246030977, 51.5253796296165], [-0.0764612606477084, 51.5246867753928], [-0.0764488603322573, 51.5245735283854], [-0.0764157407407271, 51.5242888697972], [-0.0759226484046269, 51.5243203560773], [-0.0757241763761244, 51.5233268179205], [-0.076161659066906, 51.5221530971378], [-0.0765357393683979, 51.522093718898], [-0.0779929214144863, 51.5219157275661], [-0.0784451809588018, 51.5215114770664], [-0.0802035336616516, 51.5217737828152], [-0.0810240294469274, 51.5219546170752], [-0.0813966485881825, 51.5212189654466], [-0.0833002130264243, 51.5198163216936], [-0.0851921679725866, 51.520335534782], [-0.0844940283655418, 51.5220950748653], [-0.0841969495467644, 51.5239018712572], [-0.0851126701070411, 51.5239262704734], [-0.0854169154404106, 51.5245128013177], [-0.084732168010145, 51.5254392995555], [-0.084994586842453, 51.5262048514178], [-0.0850283669863232, 51.5263256100549], [-0.0837156616575154, 51.526554578417], [-0.0836487096351218, 51.5268855462226], [-0.083601407979364, 51.5280720185217], [-0.0822086898793908, 51.5280773236053], [-0.0818513635085838, 51.5280745138071], [-0.0805755944354003, 51.5281490795193], [-0.0801231085626947, 51.5281625000638], [-0.0800166885726124, 51.5290154681689], [-0.0800262336099547, 51.5294507591391], [-0.0801218074068796, 51.5297550194516], [-0.0802313719312611, 51.5300778125752], [-0.0801668177108203, 51.5321008027422], [-0.0801462844995252, 51.532731545065], [-0.0801382441430347, 51.532789815775], [-0.0800836500002158, 51.5331889301017], [-0.0776906945694489, 51.5333048203066], [-0.077124406628265, 51.5333626686732], [-0.0771518312772759, 51.5329389875806], [-0.0771466040895014, 51.5328013602852], [-0.0759063031138935, 51.5327088987819]]]}}, {"type": "Feature", "properties": {"code": "E02007112", "name": "Leamouth"}, "geometry": {"type": "Polygon", "coordinates": [[[0.00355576975299287, 51.5144792420535], [0.00177543604225648, 51.5109451922413], [0.00175883497526898, 51.510912237051], [0.00280785452065839, 51.5103858277281], [0.0029449243491857, 51.5104047396842], [0.00432737876803565, 51.510595471271], [0.00485713453530088, 51.5118766752127], [0.0050990232238086, 51.5124616523298], [0.00553760667686258, 51.5135222730904], [0.00561441399578291, 51.5135998627104], [0.0059403026777042, 51.5139290656349], [0.00669456548252087, 51.5139237964977], [0.00677414114149921, 51.5137875843281], [0.0071028064842568, 51.5132249895768], [0.00739341384163838, 51.5127275294519], [0.0073512694729818, 51.5126646581163], [0.00688653854851026, 51.5119713588406], [0.00669712521387543, 51.511688781164], [0.00626024703316524, 51.5110370027499], [0.00571012793761985, 51.5102162518758], [0.00558282068597942, 51.5100263106602], [0.00635103256875777, 51.5093728495367], [0.00895751436619348, 51.5088380741335], [0.0087897328377628, 51.5073679025731], [0.00580107429831246, 51.5082652071514], [0.00514377048015199, 51.508300690029], [0.00367595982686936, 51.5083799115911], [0.00346977847862123, 51.5080165215598], [0.00298993482783094, 51.508237137481], [0.000377644629325185, 51.5078160871016], [-0.0017330928547502, 51.5074758266721], [-0.00343337058191878, 51.5066234807808], [-0.00367429084393616, 51.5064275697722], [-0.00389192787938468, 51.5065580869482], [-0.00445413559838009, 51.5065428321814], [-0.00485184741693637, 51.5064718725671], [-0.00470504825446094, 51.5059772926296], [-0.00545862419973867, 51.5059624279039], [-0.00558199068227502, 51.506045464338], [-0.00621773394694654, 51.5060890230406], [-0.00640640821308834, 51.5065606074824], [-0.00689295232325329, 51.5065583863711], [-0.00717349511716262, 51.5073013495532], [-0.00566050947869762, 51.5076412211471], [-0.00517911512437477, 51.5077620351327], [-0.00527598561429404, 51.5078536229655], [-0.00535924260703425, 51.5079269839988], [-0.00542809985466102, 51.5080000999543], [-0.00346222033203827, 51.5091694541597], [-0.00286868931652934, 51.5092190160886], [-0.00237556495940377, 51.5083004856218], [-0.00148153132245357, 51.5084666270898], [-0.00122545907700066, 51.50846283598], [-0.00109785051218597, 51.5082033508817], [0.000235109985505398, 51.5084166325075], [0.00034179392123592, 51.5087518884719], [-0.000550548168602137, 51.5096051427913], [-0.00135335447611665, 51.5100111806174], [-0.00172603660037351, 51.5103643856511], [-0.00252208653354841, 51.510614426361], [-0.00289515699103282, 51.5115452346199], [-0.00443543695007631, 51.5112567013342], [-0.00464541729538492, 51.5117279188635], [-0.00429313567399024, 51.5120559824558], [-0.00333483862446692, 51.5122321511119], [-0.0025940743804552, 51.5123682161917], [-0.00175546612175356, 51.5125255545247], [-0.000670821589053128, 51.5127352097446], [0.000463588064668382, 51.5131196620501], [0.00242273571962729, 51.5141708587694], [0.00355576975299287, 51.5144792420535]]]}}, {"type": "Feature", "properties": {"code": "E02007113", "name": "Blackwall"}, "geometry": {"type": "Polygon", "coordinates": [[[-0.00464541729538492, 51.5117279188635], [-0.00443543695007631, 51.5112567013342], [-0.00289515699103282, 51.5115452346199], [-0.00252208653354841, 51.510614426361], [-0.00172603660037351, 51.5103643856511], [-0.00135335447611665, 51.5100111806174], [-0.000550548168602137, 51.5096051427913], [0.00034179392123592, 51.5087518884719], [0.000235109985505398, 51.5084166325075], [-0.00109785051218597, 51.5082033508817], [-0.00122545907700066, 51.50846283598], [-0.00148153132245357, 51.5084666270898], [-0.00237556495940377, 51.5083004856218], [-0.00286868931652934, 51.5092190160886], [-0.00346222033203827, 51.5091694541597], [-0.00542809985466102, 51.5080000999543], [-0.00535924260703425, 51.5079269839988], [-0.00527598561429404, 51.5078536229655], [-0.00517911512437477, 51.5077620351327], [-0.00566050947869762, 51.5076412211471], [-0.00717349511716262, 51.5073013495532], [-0.00689295232325329, 51.5065583863711], [-0.00640640821308834, 51.5065606074824], [-0.00621773394694654, 51.5060890230406], [-0.00558199068227502, 51.506045464338], [-0.00545862419973867, 51.5059624279039], [-0.00470504825446094, 51.5059772926296], [-0.00485184741693637, 51.5064718725671], [-0.00445413559838009, 51.5065428321814], [-0.00389192787938468, 51.5065580869482], [-0.00367429084393616, 51.5064275697722], [-0.00442146343265498, 51.5058199719211], [-0.00539069761020905, 51.5050317603124], [-0.00577379065589522, 51.5051354033132], [-0.00558967458971964, 51.5047981793167], [-0.00589788097366696, 51.5044805241314], [-0.00627336444318479, 51.5040935223145], [-0.0068124221969151, 51.5043620589971], [-0.00726902760028023, 51.5051138434416], [-0.00871414029607664, 51.5017166275737], [-0.0102711778629684, 51.5013668935325], [-0.010576007162216, 51.499661123154], [-0.0133937023823142, 51.4998247577902], [-0.0161612883260025, 51.5001671174119], [-0.0153616193407037, 51.5019156065629], [-0.0147620001057532, 51.5028388931962], [-0.0137919072460682, 51.5027942471046], [-0.0134966547428708, 51.503812588714], [-0.0151240112443556, 51.5039989374404], [-0.01505785574007, 51.504449581973], [-0.0148800538613975, 51.504886941582], [-0.0123904642201209, 51.5046873753761], [-0.0131283707225294, 51.5049904771438], [-0.0128913309315861, 51.5059253853398], [-0.0132982578856167, 51.5059703593393], [-0.0123142862384334, 51.506604047969], [-0.0121214949932258, 51.5073093367572], [-0.0120463252471366, 51.507584327819], [-0.0118400720570992, 51.5082622405523], [-0.0122772032626095, 51.5088536950953], [-0.0128274796440492, 51.5099646680251], [-0.0131446427454038, 51.5111949615493], [-0.0124680049311304, 51.5112149505485], [-0.011218728863284, 51.5112680124006], [-0.00962918825958878, 51.5113656463677], [-0.00773419482015804, 51.5114775895174], [-0.00429313567399024, 51.5120559824558], [-0.00464541729538492, 51.5117279188635]]]}}, {"type": "Feature", "properties": {"code": "E02007114", "name": "Cubitt Town"}, "geometry": {"type": "Polygon", "coordinates": [[[-0.00763266493910407, 51.500214229256], [-0.00727732854927773, 51.498307425659], [-0.00703596073856836, 51.4983337154967], [-0.00849824583675513, 51.4980790718081], [-0.00860272559786355, 51.4986563889905], [-0.00943539987770315, 51.4987244885733], [-0.0095736468246702, 51.4977638902233], [-0.00960347583685946, 51.4975133071813], [-0.00946645420544638, 51.4968266244002], [-0.0086405133201374, 51.4961390330133], [-0.00814876834048853, 51.4962868760123], [-0.00814391704464003, 51.4958985183624], [-0.00907080572993263, 51.4956527053934], [-0.00881279303527129, 51.4949483018446], [-0.00692957739706519, 51.4953995241952], [-0.00734378215307868, 51.4949140268455], [-0.00803766650837071, 51.4949764389352], [-0.00720478535569918, 51.4938934044929], [-0.0069559206114431, 51.4934228683765], [-0.00732154521131165, 51.4933185248165], [-0.00820733762082633, 51.4941802258417], [-0.00858562349012986, 51.4945515546964], [-0.00930830823606257, 51.4945275953145], [-0.00962129996356285, 51.4951398552821], [-0.0132877675715758, 51.4937999363061], [-0.0142834286750668, 51.4945440222142], [-0.0147390491734916, 51.4934112057192], [-0.0173291877807303, 51.4935153582268], [-0.0172759472266661, 51.4939044442833], [-0.01711090293238, 51.4951105242768], [-0.0168692632873215, 51.4969889030775], [-0.0168513318259647, 51.4971435770708], [-0.0168485735155629, 51.49716737688], [-0.0167899719737841, 51.4976729563868], [-0.0166910938448788, 51.4985260485282], [-0.0165239859551581, 51.4999677857098], [-0.0161612883260025, 51.5001671174119], [-0.0133937023823142, 51.4998247577902], [-0.010576007162216, 51.499661123154], [-0.0102711778629684, 51.5013668935325], [-0.00871414029607664, 51.5017166275737], [-0.00726902760028023, 51.5051138434416], [-0.0068124221969151, 51.5043620589971], [-0.00627336444318479, 51.5040935223145], [-0.00721926752372769, 51.5031185659446], [-0.00750611574036416, 51.5020011537754], [-0.00763334663062979, 51.5015055083589], [-0.00865742714048288, 51.5013488954759], [-0.00851656925244181, 51.5012649543581], [-0.00774251086436032, 51.5008036581729], [-0.00763266493910407, 51.500214229256]]]}}]}